hora,tps,rtps,wtps,bread/s,bwrtn/s,kernel,containers
13:16:30,170.83,165.62,5.21,18466.67,66.67,original,1
13:16:31,146.53,144.55,1.98,1156.44,158.42,original,1
13:16:32,34.74,4.21,30.53,33.68,320.00,original,1
13:16:33,186.52,32.58,153.93,1860.67,2543.82,original,1
13:16:34,93.00,84.00,9.00,19496.00,48.00,original,1
13:16:35,104.17,93.75,10.42,8958.33,341.67,original,1
13:16:36,0.00,0.00,0.00,0.00,0.00,original,1
13:16:37,0.00,0.00,0.00,0.00,0.00,original,1
13:16:38,0.00,0.00,0.00,0.00,0.00,original,1
13:16:39,0.00,0.00,0.00,0.00,0.00,original,1
13:16:40,50.00,0.00,50.00,0.00,661.22,original,1
13:16:41,22.45,0.00,22.45,0.00,514.29,original,1
13:16:42,71.43,0.00,71.43,0.00,661.22,original,1
00:20:50,153.61,147.42,6.19,11769.07,74.23,modificado,1
00:20:51,137.76,137.76,0.00,1102.04,0.00,modificado,1
00:20:52,0.00,0.00,0.00,0.00,0.00,modificado,1
00:20:53,110.34,5.75,104.60,45.98,1756.32,modificado,1
00:20:54,121.98,1.10,120.88,8.79,1670.33,modificado,1
00:20:55,6.12,0.00,6.12,0.00,40.82,modificado,1
00:20:56,55.21,47.92,7.29,3308.33,341.67,modificado,1
00:20:57,0.00,0.00,0.00,0.00,0.00,modificado,1
00:20:58,0.00,0.00,0.00,0.00,0.00,modificado,1
00:20:59,0.00,0.00,0.00,0.00,0.00,modificado,1
00:21:00,0.00,0.00,0.00,0.00,0.00,modificado,1
00:21:01,14.43,0.00,14.43,0.00,470.10,modificado,1
00:21:02,132.63,01.05,131.58,8.42,1490.53,modificado,1
00:21:03,6.00,0.00,6.00,0.00,40.00,modificado,1
00:21:04,7.22,0.00,7.22,0.00,321.65,modificado,1
00:21:05,0.00,0.00,0.00,0.00,0.00,modificado,1
00:21:06,0.00,0.00,0.00,0.00,0.00,modificado,1
00:21:07,0.00,0.00,0.00,0.00,0.00,modificado,1
00:21:08,0.00,0.00,0.00,0.00,0.00,modificado,1
00:21:09,51.52,46.46,05.05,11094.95,129.29,modificado,1
13:03:19,180.41,173.20,7.22,15307.22,65.98,original,25
13:03:20,123.23,123.23,0.00,985.86,0.00,original,25
13:03:21,32.99,4.12,28.87,32.99,263.92,original,25
13:03:22,162.92,26.97,135.96,1824.72,2220.22,original,25
13:03:23,114.29,88.78,25.51,19918.37,424.49,original,25
13:03:24,127.08,68.75,58.33,8658.33,1500.00,original,25
13:03:25,117.71,18.75,98.96,300.00,1358.33,original,25
13:03:26,53.19,01.06,52.13,8.51,1140.43,original,25
13:03:27,117.53,01.03,116.49,8.25,1839.18,original,25
13:03:28,164.77,1.14,163.64,09.09,3000.00,original,25
13:03:29,147.83,0.00,147.83,0.00,2782.61,original,25
13:03:30,79.35,0.00,79.35,0.00,1626.09,original,25
13:03:31,110.64,01.06,109.57,8.51,1523.40,original,25
13:03:32,133.71,0.00,133.71,0.00,2570.79,original,25
13:03:33,113.83,0.00,113.83,0.00,2059.57,original,25
13:03:34,112.77,0.00,112.77,0.00,1497.87,original,25
13:03:35,157.78,0.00,157.78,0.00,3013.33,original,25
13:03:36,155.06,0.00,155.06,0.00,2867.42,original,25
13:03:37,88.04,0.00,88.04,0.00,2026.09,original,25
13:03:38,96.84,0.00,96.84,0.00,1187.37,original,25
13:03:39,96.55,0.00,96.55,0.00,2280.46,original,25
13:03:40,70.41,0.00,70.41,0.00,808.16,original,25
13:03:41,167.82,0.00,167.82,0.00,3154.02,original,25
13:03:42,105.62,0.00,105.62,0.00,2364.04,original,25
13:03:43,66.34,0.00,66.34,0.00,697.03,original,25
13:03:44,155.06,0.00,155.06,0.00,3038.20,original,25
13:03:45,136.96,0.00,136.96,0.00,2530.43,original,25
13:03:46,80.21,0.00,80.21,0.00,1816.67,original,25
13:03:47,114.89,0.00,114.89,0.00,1642.55,original,25
13:03:48,162.22,0.00,162.22,0.00,2942.22,original,25
13:03:49,55.91,0.00,55.91,0.00,1376.34,original,25
13:03:50,109.47,0.00,109.47,0.00,1591.58,original,25
13:03:51,171.91,0.00,171.91,0.00,3083.15,original,25
13:03:52,65.98,0.00,65.98,0.00,1731.96,original,25
13:03:53,94.85,0.00,94.85,0.00,1129.90,original,25
13:03:54,176.67,0.00,176.67,0.00,3066.67,original,25
13:03:55,86.32,0.00,86.32,0.00,1928.42,original,25
13:03:56,79.38,0.00,79.38,0.00,981.44,original,25
13:03:57,171.11,0.00,171.11,0.00,3004.44,original,25
13:03:58,62.63,0.00,62.63,0.00,1511.11,original,25
13:03:59,102.11,0.00,102.11,0.00,1423.16,original,25
13:04:00,10.20,0.00,10.20,0.00,334.69,original,25
13:04:01,0.00,0.00,0.00,0.00,0.00,original,25
13:04:02,0.00,0.00,0.00,0.00,0.00,original,25
13:04:03,0.00,0.00,0.00,0.00,0.00,original,25
13:04:04,0.00,0.00,0.00,0.00,0.00,original,25
13:04:05,67.01,0.00,67.01,0.00,1294.85,original,25
13:04:06,67.33,0.00,67.33,0.00,665.35,original,25
13:04:07,129.90,0.00,129.90,0.00,2218.56,original,25
13:04:08,67.35,0.00,67.35,0.00,1379.59,original,25
13:04:09,74.75,0.00,74.75,0.00,905.05,original,25
13:04:10,138.30,0.00,138.30,0.00,2263.83,original,25
13:04:11,43.75,0.00,43.75,0.00,958.33,original,25
13:04:12,116.49,0.00,116.49,0.00,1360.82,original,25
13:04:13,97.85,0.00,97.85,0.00,1729.03,original,25
13:04:14,87.76,0.00,87.76,0.00,1257.14,original,25
13:04:15,136.84,0.00,136.84,0.00,1701.05,original,25
13:04:16,93.75,0.00,93.75,0.00,1533.33,original,25
13:04:17,74.23,0.00,74.23,0.00,1146.39,original,25
13:04:18,134.74,0.00,134.74,0.00,1684.21,original,25
13:04:19,29.59,0.00,29.59,0.00,840.82,original,25
13:04:20,126.26,0.00,126.26,0.00,1422.22,original,25
13:04:21,44.33,0.00,44.33,0.00,923.71,original,25
13:04:22,114.29,0.00,114.29,0.00,1306.12,original,25
13:04:23,100.00,0.00,100.00,0.00,1681.63,original,25
13:04:24,78.79,0.00,78.79,0.00,1147.47,original,25
13:04:25,142.27,0.00,142.27,0.00,1698.97,original,25
13:04:26,80.41,0.00,80.41,0.00,1583.51,original,25
13:04:27,80.00,0.00,80.00,0.00,1120.00,original,25
13:04:28,127.08,0.00,127.08,0.00,1791.67,original,25
13:04:29,74.23,0.00,74.23,0.00,1649.48,original,25
13:04:30,80.21,0.00,80.21,0.00,1058.33,original,25
13:04:31,135.05,0.00,135.05,0.00,1954.64,original,25
13:04:32,78.57,0.00,78.57,0.00,1559.18,original,25
13:04:33,71.43,0.00,71.43,0.00,1004.08,original,25
13:04:34,141.49,0.00,141.49,0.00,2000.00,original,25
13:04:35,76.77,0.00,76.77,0.00,1357.58,original,25
13:04:36,77.55,0.00,77.55,0.00,881.63,original,25
13:04:37,77.08,0.00,77.08,0.00,1533.33,original,25
13:04:38,82.47,0.00,82.47,0.00,1014.43,original,25
13:04:39,141.67,0.00,141.67,0.00,1883.33,original,25
13:04:40,49.00,0.00,49.00,0.00,960.00,original,25
13:04:41,112.24,0.00,112.24,0.00,1306.12,original,25
13:04:42,141.49,0.00,141.49,0.00,2093.62,original,25
13:04:43,89.58,0.00,89.58,0.00,1275.00,original,25
13:04:44,88.78,0.00,88.78,0.00,1134.69,original,25
00:34:08,109.38,103.12,6.25,11766.67,75.00,modificado,25
00:34:09,183.84,183.84,0.00,1470.71,0.00,modificado,25
00:34:10,0.00,0.00,0.00,0.00,0.00,modificado,25
00:34:11,136.46,6.25,130.21,50.00,2541.67,modificado,25
00:34:12,64.29,02.04,62.24,16.33,710.20,modificado,25
00:34:13,06.06,0.00,06.06,0.00,40.40,modificado,25
00:34:14,132.63,45.26,87.37,3317.89,1928.42,modificado,25
00:34:15,80.61,5.10,75.51,40.82,946.94,modificado,25
00:34:16,6.00,0.00,6.00,0.00,40.00,modificado,25
00:34:17,145.26,2.11,143.16,16.84,2753.68,modificado,25
00:34:18,24.24,01.01,23.23,08.08,226.26,modificado,25
00:34:19,100.00,1.11,98.89,8.89,2284.44,modificado,25
00:34:20,75.51,01.02,74.49,8.16,800.00,modificado,25
00:34:21,102.22,2.22,100.00,17.78,2284.44,modificado,25
00:34:22,75.51,0.00,75.51,0.00,816.33,modificado,25
00:34:23,38.61,0.99,37.62,7.92,839.60,modificado,25
00:34:24,137.36,1.10,136.26,8.79,2162.64,modificado,25
00:34:25,07.07,0.00,07.07,0.00,40.40,modificado,25
00:34:26,134.02,02.06,131.96,16.49,2465.98,modificado,25
00:34:27,34.38,01.04,33.33,8.33,500.00,modificado,25
00:34:28,98.86,1.14,97.73,09.09,2372.73,modificado,25
00:34:29,65.98,01.03,64.95,8.25,725.77,modificado,25
00:34:30,71.13,01.03,70.10,8.25,1608.25,modificado,25
00:34:31,102.13,0.00,102.13,0.00,1429.79,modificado,25
00:34:32,10.10,0.00,10.10,0.00,290.91,modificado,25
00:34:33,168.60,2.33,166.28,18.60,2939.53,modificado,25
00:34:34,5.94,0.00,5.94,0.00,39.60,modificado,25
00:34:35,130.34,1.12,129.21,8.99,2552.81,modificado,25
00:34:36,43.30,0.00,43.30,0.00,593.81,modificado,25
00:34:37,71.28,0.00,71.28,0.00,1787.23,modificado,25
00:34:38,88.30,01.06,87.23,8.51,1148.94,modificado,25
00:34:39,19.00,1.00,18.00,8.00,424.00,modificado,25
00:34:40,161.96,01.09,160.87,8.70,2747.83,modificado,25
00:34:41,06.06,0.00,06.06,0.00,40.40,modificado,25
00:34:42,159.78,0.00,159.78,0.00,3000.00,modificado,25
00:34:43,10.89,0.99,9.90,7.92,55.45,modificado,25
00:34:44,138.71,0.00,138.71,0.00,2735.48,modificado,25
00:34:45,23.47,0.00,23.47,0.00,285.71,modificado,25
00:34:46,97.89,0.00,97.89,0.00,2223.16,modificado,25
00:34:47,62.00,1.00,61.00,8.00,696.00,modificado,25
00:34:48,51.58,0.00,51.58,0.00,993.68,modificado,25
00:34:49,121.11,2.22,118.89,17.78,2106.67,modificado,25
00:34:50,7.00,0.00,7.00,0.00,48.00,modificado,25
00:34:51,160.22,01.08,159.14,8.60,2941.94,modificado,25
00:34:52,5.88,0.00,5.88,0.00,39.22,modificado,25
00:34:53,143.18,0.00,143.18,0.00,2736.36,modificado,25
00:34:54,36.00,1.00,35.00,8.00,520.00,modificado,25
00:34:55,82.98,01.06,81.91,8.51,1940.43,modificado,25
00:34:56,76.29,0.00,76.29,0.00,989.69,modificado,25
00:34:57,37.00,0.00,37.00,0.00,864.00,modificado,25
00:34:58,128.89,0.00,128.89,0.00,2213.33,modificado,25
00:34:59,06.06,0.00,06.06,0.00,40.40,modificado,25
00:35:00,159.34,0.00,159.34,0.00,2980.22,modificado,25
00:35:01,8.00,2.00,6.00,16.00,40.00,modificado,25
00:35:02,111.36,1.14,110.23,09.09,2545.45,modificado,25
00:35:03,58.06,01.08,56.99,8.60,722.58,modificado,25
00:35:04,84.21,01.05,83.16,8.42,1894.74,modificado,25
00:35:05,77.32,01.03,76.29,8.25,1072.16,modificado,25
00:35:06,35.42,0.00,35.42,0.00,900.00,modificado,25
00:35:07,132.97,0.00,132.97,0.00,2215.38,modificado,25
00:35:08,06.06,0.00,06.06,0.00,40.40,modificado,25
00:35:09,07.07,0.00,07.07,0.00,331.31,modificado,25
00:35:10,4.17,0.00,4.17,0.00,33.33,modificado,25
00:35:11,0.00,0.00,0.00,0.00,0.00,modificado,25
00:35:12,0.00,0.00,0.00,0.00,0.00,modificado,25
00:35:13,0.00,0.00,0.00,0.00,0.00,modificado,25
00:35:14,76.84,01.05,75.79,8.42,1347.37,modificado,25
00:35:15,64.71,0.00,64.71,0.00,635.29,modificado,25
00:35:16,24.24,0.00,24.24,0.00,800.00,modificado,25
00:35:17,131.25,01.04,130.21,8.33,1516.67,modificado,25
00:35:18,5.94,0.00,5.94,0.00,39.60,modificado,25
00:35:19,98.96,0.00,98.96,0.00,1750.00,modificado,25
00:35:20,62.24,0.00,62.24,0.00,620.41,modificado,25
00:35:21,45.92,01.02,44.90,8.16,775.51,modificado,25
00:35:22,107.53,0.00,107.53,0.00,1384.95,modificado,25
00:35:23,19.80,0.00,19.80,0.00,594.06,modificado,25
00:35:24,142.11,0.00,142.11,0.00,1776.84,modificado,25
00:35:25,5.94,0.00,5.94,0.00,39.60,modificado,25
00:35:26,97.92,01.04,96.88,8.33,1733.33,modificado,25
00:35:27,53.00,0.00,53.00,0.00,576.00,modificado,25
00:35:28,25.77,0.00,25.77,0.00,824.74,modificado,25
00:35:29,129.90,0.00,129.90,0.00,1525.77,modificado,25
00:35:30,10.00,0.00,10.00,0.00,280.00,modificado,25
00:35:31,127.55,0.00,127.55,0.00,1861.22,modificado,25
00:35:32,38.78,0.00,38.78,0.00,375.51,modificado,25
00:35:33,76.04,01.04,75.00,8.33,1450.00,modificado,25
00:35:34,77.55,0.00,77.55,0.00,718.37,modificado,25
00:35:35,37.11,0.00,37.11,0.00,898.97,modificado,25
00:35:36,114.74,0.00,114.74,0.00,1431.58,modificado,25
00:35:37,24.24,0.00,24.24,0.00,783.84,modificado,25
00:35:38,132.99,0.00,132.99,0.00,1698.97,modificado,25
00:35:39,4.90,0.00,4.90,0.00,39.22,modificado,25
00:35:40,94.85,01.03,93.81,8.25,1690.72,modificado,25
00:35:41,57.29,0.00,57.29,0.00,625.00,modificado,25
00:35:42,44.90,0.00,44.90,0.00,840.82,modificado,25
00:35:43,106.38,0.00,106.38,0.00,1421.28,modificado,25
00:35:44,15.31,0.00,15.31,0.00,473.47,modificado,25
00:35:45,129.79,0.00,129.79,0.00,1659.57,modificado,25
00:35:46,27.00,0.00,27.00,0.00,256.00,modificado,25
00:35:47,81.44,0.00,81.44,0.00,1575.26,modificado,25
00:35:48,73.74,0.00,73.74,0.00,703.03,modificado,25
00:35:49,26.80,0.00,26.80,0.00,808.25,modificado,25
00:35:50,137.50,0.00,137.50,0.00,1500.00,modificado,25
00:35:51,7.00,0.00,7.00,0.00,48.00,modificado,25
00:35:52,116.67,0.00,116.67,0.00,1775.00,modificado,25
00:35:53,51.55,0.00,51.55,0.00,560.82,modificado,25
00:35:54,43.43,01.01,42.42,08.08,905.05,modificado,25
00:35:55,116.16,0.00,116.16,0.00,1317.17,modificado,25
00:35:56,11.11,0.00,11.11,0.00,274.75,modificado,25
00:35:57,131.63,0.00,131.63,0.00,1820.41,modificado,25
00:35:58,25.77,0.00,25.77,0.00,247.42,modificado,25
00:35:59,32.65,0.00,32.65,0.00,857.14,modificado,25
00:36:00,118.75,0.00,118.75,0.00,1416.67,modificado,25
00:36:01,07.07,0.00,07.07,0.00,56.57,modificado,25
00:36:02,126.88,0.00,126.88,0.00,2055.91,modificado,25
00:36:03,102.04,0.00,102.04,0.00,1183.67,modificado,25
00:36:04,27.55,0.00,27.55,0.00,832.65,modificado,25
00:36:05,127.84,0.00,127.84,0.00,1476.29,modificado,25
00:36:06,5.15,0.00,5.15,0.00,41.24,modificado,25
00:36:07,77.89,0.00,77.89,0.00,1574.74,modificado,25
00:36:08,71.43,0.00,71.43,0.00,873.47,modificado,25
00:36:09,23.23,0.00,23.23,0.00,678.79,modificado,25
00:36:10,107.22,0.00,107.22,0.00,1435.05,modificado,25
00:36:11,33.33,0.00,33.33,0.00,316.67,modificado,25
00:36:12,70.83,0.00,70.83,0.00,1383.33,modificado,25
00:36:13,77.78,0.00,77.78,0.00,800.00,modificado,25
00:36:14,7.14,0.00,7.14,0.00,359.18,modificado,25
00:36:15,0.00,0.00,0.00,0.00,0.00,modificado,25
00:36:16,0.00,0.00,0.00,0.00,0.00,modificado,25
00:36:17,0.00,0.00,0.00,0.00,0.00,modificado,25
00:36:18,03.09,0.00,03.09,0.00,49.48,modificado,25
00:36:19,16.16,14.14,02.02,2820.20,129.29,modificado,25
00:36:20,94.00,94.00,0.00,23840.00,0.00,modificado,25
00:36:21,0.00,0.00,0.00,0.00,0.00,modificado,25
00:36:22,0.00,0.00,0.00,0.00,0.00,modificado,25
00:36:23,01.01,0.00,01.01,0.00,16.16,modificado,25
00:36:24,02.02,0.00,02.02,0.00,153.54,modificado,25
00:36:25,0.00,0.00,0.00,0.00,0.00,modificado,25
00:36:26,0.00,0.00,0.00,0.00,0.00,modificado,25
00:36:27,0.00,0.00,0.00,0.00,0.00,modificado,25
00:36:28,01.02,0.00,01.02,0.00,16.33,modificado,25
00:36:29,02.02,0.00,02.02,0.00,153.54,modificado,25
00:36:30,3.92,0.00,3.92,0.00,31.37,modificado,25
00:36:31,0.00,0.00,0.00,0.00,0.00,modificado,25
00:36:32,0.00,0.00,0.00,0.00,0.00,modificado,25
00:36:33,01.01,0.00,01.01,0.00,16.16,modificado,25
00:36:34,2.00,0.00,2.00,0.00,160.00,modificado,25
12:50:03,192.63,185.26,7.37,16454.74,67.37,original,50
12:50:04,120.00,120.00,0.00,960.00,0.00,original,50
12:50:05,18.75,3.12,15.62,25.00,133.33,original,50
12:50:06,177.65,30.59,147.06,1929.41,2465.88,original,50
12:50:07,80.61,44.90,35.71,9167.35,481.63,original,50
12:50:08,53.54,47.47,06.06,10674.75,40.40,original,50
12:50:09,212.50,86.36,126.14,9736.36,2518.18,original,50
12:50:10,29.29,0.00,29.29,0.00,444.44,original,50
12:50:11,170.45,0.00,170.45,0.00,3154.55,original,50
12:50:12,96.70,0.00,96.70,0.00,2180.22,original,50
12:50:13,74.49,01.02,73.47,8.16,800.00,original,50
12:50:14,163.64,1.14,162.50,09.09,3036.36,original,50
12:50:15,116.67,0.00,116.67,0.00,2382.22,original,50
12:50:16,87.37,01.05,86.32,8.42,1524.21,original,50
12:50:17,128.42,0.00,128.42,0.00,2021.05,original,50
12:50:18,165.56,0.00,165.56,0.00,2960.00,original,50
12:50:19,158.06,0.00,158.06,0.00,2778.49,original,50
12:50:20,84.38,0.00,84.38,0.00,1883.33,original,50
12:50:21,97.92,0.00,97.92,0.00,1133.33,original,50
12:50:22,168.89,0.00,168.89,0.00,3022.22,original,50
12:50:23,127.17,0.00,127.17,0.00,2391.30,original,50
12:50:24,69.07,0.00,69.07,0.00,1352.58,original,50
12:50:25,126.60,0.00,126.60,0.00,2110.64,original,50
12:50:26,164.44,0.00,164.44,0.00,2960.00,original,50
12:50:27,117.78,0.00,117.78,0.00,2471.11,original,50
12:50:28,95.74,0.00,95.74,0.00,1676.60,original,50
12:50:29,111.83,0.00,111.83,0.00,1858.06,original,50
12:50:30,158.70,0.00,158.70,0.00,2965.22,original,50
12:50:31,121.98,0.00,121.98,0.00,2373.63,original,50
12:50:32,81.25,0.00,81.25,0.00,1425.00,original,50
12:50:33,127.84,0.00,127.84,0.00,2053.61,original,50
12:50:34,160.44,0.00,160.44,0.00,2883.52,original,50
12:50:35,113.33,0.00,113.33,0.00,2435.56,original,50
12:50:36,100.00,0.00,100.00,0.00,1574.19,original,50
12:50:37,126.60,0.00,126.60,0.00,1974.47,original,50
12:50:38,148.31,0.00,148.31,0.00,2849.44,original,50
12:50:39,85.87,0.00,85.87,0.00,1860.87,original,50
12:50:40,101.03,0.00,101.03,0.00,1270.10,original,50
12:50:41,150.00,0.00,150.00,0.00,2817.39,original,50
12:50:42,81.52,0.00,81.52,0.00,1739.13,original,50
12:50:43,96.84,0.00,96.84,0.00,1389.47,original,50
12:50:44,152.81,0.00,152.81,0.00,3011.24,original,50
12:50:45,125.00,0.00,125.00,0.00,2436.36,original,50
12:50:46,51.02,0.00,51.02,0.00,628.57,original,50
12:50:47,156.99,0.00,156.99,0.00,2967.74,original,50
12:50:48,101.02,0.00,101.02,0.00,2155.10,original,50
12:50:49,113.83,0.00,113.83,0.00,2059.57,original,50
12:50:50,107.37,0.00,107.37,0.00,1515.79,original,50
12:50:51,161.11,0.00,161.11,0.00,3031.11,original,50
12:50:52,148.39,0.00,148.39,0.00,2890.32,original,50
12:50:53,145.56,0.00,145.56,0.00,2924.44,original,50
12:50:54,77.17,0.00,77.17,0.00,1913.04,original,50
12:50:55,91.75,0.00,91.75,0.00,1171.13,original,50
12:50:56,150.00,0.00,150.00,0.00,2942.22,original,50
12:50:57,113.98,0.00,113.98,0.00,2417.20,original,50
12:50:58,56.70,0.00,56.70,0.00,989.69,original,50
12:50:59,135.11,0.00,135.11,0.00,2493.62,original,50
12:51:00,157.14,0.00,157.14,0.00,2997.80,original,50
12:51:01,74.47,0.00,74.47,0.00,1829.79,original,50
12:51:02,95.79,0.00,95.79,0.00,1221.05,original,50
12:51:03,152.75,0.00,152.75,0.00,3041.76,original,50
12:51:04,118.60,0.00,118.60,0.00,2465.12,original,50
12:51:05,85.57,0.00,85.57,0.00,1138.14,original,50
12:51:06,142.55,0.00,142.55,0.00,2621.28,original,50
12:51:07,136.78,0.00,136.78,0.00,2574.71,original,50
12:51:08,58.59,0.00,58.59,0.00,1268.69,original,50
12:51:09,136.26,0.00,136.26,0.00,2276.92,original,50
12:51:10,143.16,0.00,143.16,0.00,2720.00,original,50
12:51:11,104.26,0.00,104.26,0.00,2144.68,original,50
12:51:12,78.57,0.00,78.57,0.00,1036.73,original,50
12:51:13,157.78,0.00,157.78,0.00,3031.11,original,50
12:51:14,95.74,0.00,95.74,0.00,2178.72,original,50
12:51:15,76.29,0.00,76.29,0.00,890.72,original,50
12:51:16,165.56,0.00,165.56,0.00,3004.44,original,50
12:51:17,13.27,0.00,13.27,0.00,359.18,original,50
12:51:18,4.17,0.00,4.17,0.00,25.00,original,50
12:51:19,0.00,0.00,0.00,0.00,0.00,original,50
12:51:20,0.00,0.00,0.00,0.00,0.00,original,50
12:51:21,01.02,0.00,01.02,0.00,24.49,original,50
12:51:22,57.14,0.00,57.14,0.00,791.84,original,50
12:51:23,95.92,0.00,95.92,0.00,1224.49,original,50
12:51:24,128.87,0.00,128.87,0.00,1987.63,original,50
12:51:25,55.67,0.00,55.67,0.00,1204.12,original,50
12:51:26,137.11,0.00,137.11,0.00,1575.26,original,50
12:51:27,102.06,0.00,102.06,0.00,1748.45,original,50
12:51:28,72.16,0.00,72.16,0.00,692.78,original,50
12:51:29,149.49,0.00,149.49,0.00,2197.98,original,50
12:51:30,47.47,0.00,47.47,0.00,945.45,original,50
12:51:31,131.31,0.00,131.31,0.00,1486.87,original,50
12:51:32,88.54,0.00,88.54,0.00,1658.33,original,50
12:51:33,87.63,0.00,87.63,0.00,816.49,original,50
12:51:34,148.42,0.00,148.42,0.00,2366.32,original,50
12:51:35,50.51,0.00,50.51,0.00,1026.26,original,50
12:51:36,103.06,0.00,103.06,0.00,1338.78,original,50
12:51:37,129.17,0.00,129.17,0.00,2025.00,original,50
12:51:38,46.39,0.00,46.39,0.00,973.20,original,50
12:51:39,140.21,0.00,140.21,0.00,1806.19,original,50
12:51:40,77.55,0.00,77.55,0.00,1485.71,original,50
12:51:41,88.66,0.00,88.66,0.00,1270.10,original,50
12:51:42,152.13,0.00,152.13,0.00,1846.81,original,50
12:51:43,65.62,0.00,65.62,0.00,1108.33,original,50
12:51:44,106.19,0.00,106.19,0.00,1327.84,original,50
12:51:45,165.96,0.00,165.96,0.00,2408.51,original,50
12:51:46,44.68,0.00,44.68,0.00,1114.89,original,50
12:51:47,126.80,0.00,126.80,0.00,1517.53,original,50
12:51:48,134.38,0.00,134.38,0.00,1991.67,original,50
12:51:49,61.46,0.00,61.46,0.00,1050.00,original,50
12:51:50,148.48,0.00,148.48,0.00,1745.45,original,50
12:51:51,65.98,0.00,65.98,0.00,1088.66,original,50
12:51:52,168.75,0.00,168.75,0.00,2141.67,original,50
12:51:53,89.58,0.00,89.58,0.00,1558.33,original,50
12:51:54,89.69,0.00,89.69,0.00,907.22,original,50
12:51:55,150.00,0.00,150.00,0.00,2244.90,original,50
12:51:56,35.79,0.00,35.79,0.00,884.21,original,50
12:51:57,139.00,0.00,139.00,0.00,1576.00,original,50
12:51:58,96.81,0.00,96.81,0.00,1761.70,original,50
12:51:59,101.03,0.00,101.03,0.00,1501.03,original,50
12:52:00,131.25,0.00,131.25,0.00,1625.00,original,50
12:52:01,141.24,0.00,141.24,0.00,2259.79,original,50
12:52:02,41.67,0.00,41.67,0.00,958.33,original,50
12:52:03,132.98,0.00,132.98,0.00,1617.02,original,50
12:52:04,70.10,0.00,70.10,0.00,1195.88,original,50
12:52:05,93.75,0.00,93.75,0.00,1266.67,original,50
12:52:06,116.67,0.00,116.67,0.00,2100.00,original,50
12:52:07,58.33,0.00,58.33,0.00,1166.67,original,50
12:52:08,131.96,0.00,131.96,0.00,1534.02,original,50
12:52:09,92.55,0.00,92.55,0.00,1668.09,original,50
12:52:10,80.61,0.00,80.61,0.00,775.51,original,50
12:52:11,163.54,0.00,163.54,0.00,2316.67,original,50
12:52:12,40.21,0.00,40.21,0.00,940.21,original,50
12:52:13,131.63,0.00,131.63,0.00,1469.39,original,50
12:52:14,107.22,0.00,107.22,0.00,1715.46,original,50
12:52:15,84.54,0.00,84.54,0.00,1187.63,original,50
12:52:16,153.12,0.00,153.12,0.00,1791.67,original,50
12:52:17,80.00,0.00,80.00,0.00,1512.00,original,50
12:52:18,102.04,0.00,102.04,0.00,1069.39,original,50
12:52:19,139.58,0.00,139.58,0.00,2116.67,original,50
12:52:20,48.45,0.00,48.45,0.00,989.69,original,50
12:52:21,145.83,0.00,145.83,0.00,1550.00,original,50
12:52:22,154.00,0.00,154.00,0.00,2200.00,original,50
12:52:23,91.84,0.00,91.84,0.00,1061.22,original,50
12:52:24,157.29,0.00,157.29,0.00,2266.67,original,50
12:52:25,36.46,0.00,36.46,0.00,866.67,original,50
12:52:26,135.79,0.00,135.79,0.00,1574.74,original,50
12:52:27,81.82,0.00,81.82,0.00,1632.32,original,50
12:52:28,87.63,0.00,87.63,0.00,1096.91,original,50
12:52:29,148.39,0.00,148.39,0.00,2047.31,original,50
12:52:30,43.43,0.00,43.43,0.00,937.37,original,50
12:52:31,114.74,0.00,114.74,0.00,1423.16,original,50
12:52:32,114.58,0.00,114.58,0.00,1883.33,original,50
12:52:33,67.68,0.00,67.68,0.00,1123.23,original,50
12:52:34,144.90,0.00,144.90,0.00,1763.27,original,50
12:52:35,83.67,0.00,83.67,0.00,1493.88,original,50
12:52:36,84.69,0.00,84.69,0.00,881.63,original,50
12:52:37,147.37,0.00,147.37,0.00,2189.47,original,50
12:52:38,42.00,0.00,42.00,0.00,960.00,original,50
12:52:39,132.98,0.00,132.98,0.00,1591.49,original,50
12:52:40,36.08,0.00,36.08,0.00,874.23,original,50
12:52:41,137.11,0.00,137.11,0.00,1484.54,original,50
12:52:42,90.72,0.00,90.72,0.00,1451.55,original,50
12:52:43,95.92,0.00,95.92,0.00,1012.24,original,50
00:50:46,50.51,42.42,08.08,10852.53,72.73,modificado,50
00:50:47,194.90,194.90,0.00,2195.92,0.00,modificado,50
00:50:48,47.92,47.92,0.00,383.33,0.00,modificado,50
00:50:49,77.17,5.43,71.74,43.48,1086.96,modificado,50
00:50:50,135.16,3.30,131.87,26.37,2180.22,modificado,50
00:50:51,0.00,0.00,0.00,0.00,0.00,modificado,50
00:50:52,104.26,43.62,60.64,3251.06,1489.36,modificado,50
00:50:53,117.35,8.16,109.18,146.94,1493.88,modificado,50
00:50:54,0.00,0.00,0.00,0.00,0.00,modificado,50
00:50:55,76.40,1.12,75.28,8.99,1932.58,modificado,50
00:50:56,95.74,01.06,94.68,8.51,1217.02,modificado,50
00:50:57,9.00,0.00,9.00,0.00,280.00,modificado,50
00:50:58,168.18,1.14,167.05,09.09,2845.45,modificado,50
00:50:59,07.07,0.00,07.07,0.00,40.40,modificado,50
00:51:00,145.88,0.00,145.88,0.00,2748.24,modificado,50
00:51:01,40.21,01.03,39.18,8.25,536.08,modificado,50
00:51:02,56.52,01.09,55.43,8.70,1208.70,modificado,50
00:51:03,114.74,2.11,112.63,16.84,1802.11,modificado,50
00:51:04,07.07,0.00,07.07,0.00,40.40,modificado,50
00:51:05,151.69,1.12,150.56,8.99,2948.31,modificado,50
00:51:06,25.25,01.01,24.24,08.08,234.34,modificado,50
00:51:07,90.00,1.11,88.89,8.89,2044.44,modificado,50
00:51:08,82.29,01.04,81.25,8.33,1000.00,modificado,50
00:51:09,19.19,0.00,19.19,0.00,436.36,modificado,50
00:51:10,153.85,0.00,153.85,0.00,2751.65,modificado,50
00:51:11,6.00,0.00,6.00,0.00,40.00,modificado,50
00:51:12,167.82,1.15,166.67,9.20,3052.87,modificado,50
00:51:13,17.82,0.99,16.83,7.92,118.81,modificado,50
00:51:14,112.77,0.00,112.77,0.00,2417.02,modificado,50
00:51:15,47.96,0.00,47.96,0.00,595.92,modificado,50
00:51:16,71.28,01.06,70.21,8.51,1727.66,modificado,50
00:51:17,108.33,01.04,107.29,8.33,1316.67,modificado,50
00:51:18,7.14,0.00,7.14,0.00,40.82,modificado,50
00:51:19,160.00,0.00,160.00,0.00,2913.68,modificado,50
00:51:20,13.13,01.01,12.12,08.08,96.97,modificado,50
00:51:21,138.89,1.11,137.78,8.89,2577.78,modificado,50
00:51:22,36.46,01.04,35.42,8.33,533.33,modificado,50
00:51:23,91.11,0.00,91.11,0.00,2177.78,modificado,50
00:51:24,72.16,0.00,72.16,0.00,956.70,modificado,50
00:51:25,15.00,0.00,15.00,0.00,392.00,modificado,50
00:51:26,151.61,0.00,151.61,0.00,2589.25,modificado,50
00:51:27,07.07,0.00,07.07,0.00,40.40,modificado,50
00:51:28,132.98,01.06,131.91,8.51,2544.68,modificado,50
00:51:29,35.71,01.02,34.69,8.16,522.45,modificado,50
00:51:30,81.91,01.06,80.85,8.51,1940.43,modificado,50
00:51:31,78.12,0.00,78.12,0.00,1008.33,modificado,50
00:51:32,07.07,0.00,07.07,0.00,56.57,modificado,50
00:51:33,93.33,1.11,92.22,8.89,2168.89,modificado,50
00:51:34,63.92,01.03,62.89,8.25,940.21,modificado,50
00:51:35,5.00,0.00,5.00,0.00,40.00,modificado,50
00:51:36,150.57,1.15,149.43,9.20,2960.92,modificado,50
00:51:37,23.71,01.03,22.68,8.25,230.93,modificado,50
00:51:38,56.52,0.00,56.52,0.00,1478.26,modificado,50
00:51:39,97.89,01.05,96.84,8.42,1650.53,modificado,50
00:51:40,6.00,0.00,6.00,0.00,48.00,modificado,50
00:51:41,172.94,1.18,171.76,9.41,3209.41,modificado,50
00:51:42,6.19,01.03,5.15,8.25,41.24,modificado,50
00:51:43,107.37,0.00,107.37,0.00,2332.63,modificado,50
00:51:44,57.14,0.00,57.14,0.00,661.22,modificado,50
00:51:45,65.22,0.00,65.22,0.00,1573.91,modificado,50
00:51:46,107.69,1.10,106.59,8.79,1600.00,modificado,50
00:51:47,06.06,0.00,06.06,0.00,40.40,modificado,50
00:51:48,172.09,0.00,172.09,0.00,3255.81,modificado,50
00:51:49,7.00,1.00,6.00,8.00,40.00,modificado,50
00:51:50,107.95,0.00,107.95,0.00,2172.73,modificado,50
00:51:51,71.58,0.00,71.58,0.00,934.74,modificado,50
00:51:52,17.00,0.00,17.00,0.00,416.00,modificado,50
00:51:53,157.78,1.11,156.67,8.89,2728.89,modificado,50
00:51:54,5.94,0.00,5.94,0.00,39.60,modificado,50
00:51:55,132.56,0.00,132.56,0.00,2623.26,modificado,50
00:51:56,51.02,01.02,50.00,8.16,628.57,modificado,50
00:51:57,100.00,1.11,98.89,8.89,2284.44,modificado,50
00:51:58,67.71,01.04,66.67,8.33,816.67,modificado,50
00:51:59,29.00,0.00,29.00,0.00,536.00,modificado,50
00:52:00,50.00,0.00,50.00,0.00,1353.19,modificado,50
00:52:01,61.70,0.00,61.70,0.00,680.85,modificado,50
00:52:02,14.14,0.00,14.14,0.00,258.59,modificado,50
00:52:03,25.26,01.05,24.21,8.42,269.47,modificado,50
00:52:04,9.28,0.00,9.28,0.00,296.91,modificado,50
00:52:05,0.00,0.00,0.00,0.00,0.00,modificado,50
00:52:06,63.22,0.00,63.22,0.00,1397.70,modificado,50
00:52:07,81.91,0.00,81.91,0.00,1293.62,modificado,50
00:52:08,23.71,0.00,23.71,0.00,263.92,modificado,50
00:52:09,19.00,0.00,19.00,0.00,456.00,modificado,50
00:52:10,134.48,1.15,133.33,9.20,2464.37,modificado,50
00:52:11,21.21,0.00,21.21,0.00,234.34,modificado,50
00:52:12,24.24,0.00,24.24,0.00,719.19,modificado,50
00:52:13,136.26,0.00,136.26,0.00,2320.88,modificado,50
00:52:14,5.10,0.00,5.10,0.00,48.98,modificado,50
00:52:15,70.65,0.00,70.65,0.00,1843.48,modificado,50
00:52:16,91.58,01.05,90.53,8.42,1187.37,modificado,50
00:52:17,8.00,0.00,8.00,0.00,48.00,modificado,50
00:52:18,123.96,0.00,123.96,0.00,2516.67,modificado,50
00:52:19,35.35,0.00,35.35,0.00,517.17,modificado,50
00:52:20,12.37,0.00,12.37,0.00,395.88,modificado,50
00:52:21,129.21,1.12,128.09,8.99,2256.18,modificado,50
00:52:22,30.21,0.00,30.21,0.00,483.33,modificado,50
00:52:23,10.10,0.00,10.10,0.00,307.07,modificado,50
00:52:24,122.47,0.00,122.47,0.00,2391.01,modificado,50
00:52:25,44.55,0.99,43.56,7.92,578.22,modificado,50
00:52:26,65.22,0.00,65.22,0.00,1608.70,modificado,50
00:52:27,102.17,0.00,102.17,0.00,1443.48,modificado,50
00:52:28,09.09,0.00,09.09,0.00,56.57,modificado,50
00:52:29,28.87,0.00,28.87,0.00,882.47,modificado,50
00:52:30,58.51,0.00,58.51,0.00,1268.09,modificado,50
00:52:31,73.20,0.00,73.20,0.00,890.72,modificado,50
00:52:32,12.12,0.00,12.12,0.00,387.88,modificado,50
00:52:33,181.40,0.00,181.40,0.00,2948.84,modificado,50
00:52:34,5.94,0.00,5.94,0.00,47.52,modificado,50
00:52:35,82.42,0.00,82.42,0.00,1942.86,modificado,50
00:52:36,86.17,01.06,85.11,8.51,1106.38,modificado,50
00:52:37,5.94,0.00,5.94,0.00,47.52,modificado,50
00:52:38,85.26,0.00,85.26,0.00,1936.84,modificado,50
00:52:39,72.16,0.00,72.16,0.00,923.71,modificado,50
00:52:40,27.27,0.00,27.27,0.00,549.49,modificado,50
00:52:41,145.74,0.00,145.74,0.00,2468.09,modificado,50
00:52:42,14.14,0.00,14.14,0.00,379.80,modificado,50
00:52:43,150.00,0.00,150.00,0.00,2510.64,modificado,50
00:52:44,6.93,0.00,6.93,0.00,47.52,modificado,50
00:52:45,138.71,01.08,137.63,8.60,2511.83,modificado,50
00:52:46,39.18,01.03,38.14,8.25,511.34,modificado,50
00:52:47,61.70,0.00,61.70,0.00,1514.89,modificado,50
00:52:48,107.37,0.00,107.37,0.00,1347.37,modificado,50
00:52:49,14.14,0.00,14.14,0.00,387.88,modificado,50
00:52:50,156.70,01.03,155.67,8.25,2548.45,modificado,50
00:52:51,8.00,0.00,8.00,0.00,56.00,modificado,50
00:52:52,117.58,0.00,117.58,0.00,2329.67,modificado,50
00:52:53,44.90,0.00,44.90,0.00,604.08,modificado,50
00:52:54,63.54,0.00,63.54,0.00,1525.00,modificado,50
00:52:55,107.14,0.00,107.14,0.00,1379.59,modificado,50
00:52:56,07.07,0.00,07.07,0.00,56.57,modificado,50
00:52:57,148.94,0.00,148.94,0.00,2817.02,modificado,50
00:52:58,12.00,0.00,12.00,0.00,104.00,modificado,50
00:52:59,7.29,0.00,7.29,0.00,350.00,modificado,50
00:53:00,0.00,0.00,0.00,0.00,0.00,modificado,50
00:53:01,0.00,0.00,0.00,0.00,0.00,modificado,50
00:53:02,0.00,0.00,0.00,0.00,0.00,modificado,50
00:53:03,0.00,0.00,0.00,0.00,0.00,modificado,50
00:53:04,15.31,0.00,15.31,0.00,489.80,modificado,50
00:53:05,126.80,0.00,126.80,0.00,1517.53,modificado,50
00:53:06,6.00,0.00,6.00,0.00,48.00,modificado,50
00:53:07,97.87,01.06,96.81,8.51,1736.17,modificado,50
00:53:08,61.86,0.00,61.86,0.00,635.05,modificado,50
00:53:09,46.08,0.00,46.08,0.00,792.16,modificado,50
00:53:10,107.07,0.00,107.07,0.00,1349.49,modificado,50
00:53:11,18.56,0.00,18.56,0.00,618.56,modificado,50
00:53:12,15.31,0.00,15.31,0.00,261.22,modificado,50
00:53:13,132.00,0.00,132.00,0.00,1472.00,modificado,50
00:53:14,8.16,0.00,8.16,0.00,57.14,modificado,50
00:53:15,35.42,0.00,35.42,0.00,916.67,modificado,50
00:53:16,126.53,0.00,126.53,0.00,1453.06,modificado,50
00:53:17,07.07,0.00,07.07,0.00,48.48,modificado,50
00:53:18,79.38,0.00,79.38,0.00,1501.03,modificado,50
00:53:19,84.54,0.00,84.54,0.00,832.99,modificado,50
00:53:20,20.00,0.00,20.00,0.00,608.00,modificado,50
00:53:21,10.20,0.00,10.20,0.00,253.06,modificado,50
00:53:22,56.84,0.00,56.84,0.00,825.26,modificado,50
00:53:23,71.13,0.00,71.13,0.00,651.55,modificado,50
00:53:24,18.18,0.00,18.18,0.00,129.29,modificado,50
00:53:25,74.23,0.00,74.23,0.00,1311.34,modificado,50
00:53:26,92.71,0.00,92.71,0.00,1050.00,modificado,50
00:53:27,7.92,0.00,7.92,0.00,55.45,modificado,50
00:53:28,116.30,0.00,116.30,0.00,2182.61,modificado,50
00:53:29,72.00,0.00,72.00,0.00,664.00,modificado,50
00:53:30,20.41,0.00,20.41,0.00,620.41,modificado,50
00:53:31,55.10,0.00,55.10,0.00,734.69,modificado,50
00:53:32,0.00,0.00,0.00,0.00,0.00,modificado,50
00:53:33,75.26,0.00,75.26,0.00,973.20,modificado,50
00:53:34,25.51,0.00,25.51,0.00,212.24,modificado,50
00:53:35,64.36,0.00,64.36,0.00,1085.15,modificado,50
00:53:36,98.95,0.00,98.95,0.00,1237.89,modificado,50
00:53:37,22.68,0.00,22.68,0.00,725.77,modificado,50
00:53:38,156.99,0.00,156.99,0.00,1772.04,modificado,50
00:53:39,6.93,0.00,6.93,0.00,47.52,modificado,50
00:53:40,88.42,01.05,87.37,8.42,1633.68,modificado,50
00:53:41,52.53,0.00,52.53,0.00,476.77,modificado,50
00:53:42,31.31,0.00,31.31,0.00,242.42,modificado,50
00:53:43,27.27,0.00,27.27,0.00,840.40,modificado,50
00:53:44,150.00,0.00,150.00,0.00,1600.00,modificado,50
00:53:45,9.90,0.00,9.90,0.00,55.45,modificado,50
00:53:46,80.00,0.00,80.00,0.00,1355.79,modificado,50
00:53:47,93.62,0.00,93.62,0.00,1046.81,modificado,50
00:53:48,15.31,0.00,15.31,0.00,416.33,modificado,50
00:53:49,87.37,0.00,87.37,0.00,1381.05,modificado,50
00:53:50,77.08,0.00,77.08,0.00,708.33,modificado,50
00:53:51,26.00,0.00,26.00,0.00,800.00,modificado,50
00:53:52,148.39,0.00,148.39,0.00,1634.41,modificado,50
00:53:53,8.00,0.00,8.00,0.00,56.00,modificado,50
00:53:54,81.05,0.00,81.05,0.00,1557.89,modificado,50
00:53:55,83.67,0.00,83.67,0.00,816.33,modificado,50
00:53:56,25.77,0.00,25.77,0.00,824.74,modificado,50
00:53:57,146.24,0.00,146.24,0.00,1634.41,modificado,50
00:53:58,75.51,0.00,75.51,0.00,963.27,modificado,50
00:53:59,45.45,0.00,45.45,0.00,1026.26,modificado,50
00:54:00,114.74,0.00,114.74,0.00,1372.63,modificado,50
00:54:01,13.27,0.00,13.27,0.00,383.67,modificado,50
00:54:02,101.08,0.00,101.08,0.00,1479.57,modificado,50
00:54:03,61.39,0.00,61.39,0.00,633.66,modificado,50
00:54:04,29.59,0.00,29.59,0.00,857.14,modificado,50
00:54:05,140.21,01.03,139.18,8.25,1583.51,modificado,50
00:54:06,05.05,0.00,05.05,0.00,48.48,modificado,50
00:54:07,105.15,0.00,105.15,0.00,1830.93,modificado,50
00:54:08,62.24,0.00,62.24,0.00,595.92,modificado,50
00:54:09,16.33,01.02,15.31,8.16,367.35,modificado,50
00:54:10,156.99,0.00,156.99,0.00,2167.74,modificado,50
00:54:11,18.00,0.00,18.00,0.00,112.00,modificado,50
00:54:12,41.67,0.00,41.67,0.00,975.00,modificado,50
00:54:13,123.96,0.00,123.96,0.00,1458.33,modificado,50
00:54:15,08.08,0.00,08.08,0.00,64.65,modificado,50
00:54:16,78.12,0.00,78.12,0.00,1500.00,modificado,50
00:54:17,87.37,0.00,87.37,0.00,968.42,modificado,50
00:54:18,18.18,0.00,18.18,0.00,525.25,modificado,50
00:54:19,120.43,0.00,120.43,0.00,1582.80,modificado,50
00:54:20,39.58,0.00,39.58,0.00,458.33,modificado,50
00:54:21,26.00,0.00,26.00,0.00,848.00,modificado,50
00:54:22,140.82,0.00,140.82,0.00,1575.51,modificado,50
00:54:23,10.20,0.00,10.20,0.00,57.14,modificado,50
00:54:24,32.65,0.00,32.65,0.00,906.12,modificado,50
00:54:25,142.55,0.00,142.55,0.00,1557.45,modificado,50
00:54:26,8.00,0.00,8.00,0.00,48.00,modificado,50
00:54:27,75.26,0.00,75.26,0.00,1360.82,modificado,50
00:54:28,62.89,0.00,62.89,0.00,800.00,modificado,50
00:54:29,38.95,0.00,38.95,0.00,303.16,modificado,50
00:54:30,20.20,0.00,20.20,0.00,832.32,modificado,50
00:54:31,113.83,0.00,113.83,0.00,1200.00,modificado,50
00:54:32,45.92,0.00,45.92,0.00,473.47,modificado,50
00:54:33,08.08,0.00,08.08,0.00,48.48,modificado,50
00:54:34,55.67,0.00,55.67,0.00,1055.67,modificado,50
00:54:35,161.46,0.00,161.46,0.00,2233.33,modificado,50
00:54:36,28.87,0.00,28.87,0.00,247.42,modificado,50
00:54:37,26.80,0.00,26.80,0.00,857.73,modificado,50
00:54:38,94.95,0.00,94.95,0.00,1050.51,modificado,50
00:54:39,48.98,0.00,48.98,0.00,530.61,modificado,50
00:54:40,38.78,01.02,37.76,8.16,938.78,modificado,50
00:54:41,138.78,0.00,138.78,0.00,1559.18,modificado,50
00:54:42,7.00,0.00,7.00,0.00,48.00,modificado,50
00:54:43,93.75,0.00,93.75,0.00,1725.00,modificado,50
00:54:44,78.57,0.00,78.57,0.00,726.53,modificado,50
00:54:45,22.68,0.00,22.68,0.00,643.30,modificado,50
00:54:46,116.33,01.02,115.31,8.16,1395.92,modificado,50
00:54:47,49.48,0.00,49.48,0.00,503.09,modificado,50
00:54:48,39.18,0.00,39.18,0.00,964.95,modificado,50
00:54:49,113.83,0.00,113.83,0.00,1438.30,modificado,50
00:54:50,12.75,0.00,12.75,0.00,101.96,modificado,50
00:54:51,20.62,0.00,20.62,0.00,849.48,modificado,50
00:54:52,114.43,0.00,114.43,0.00,1352.58,modificado,50
00:54:53,27.66,0.00,27.66,0.00,255.32,modificado,50
00:54:54,10.10,0.00,10.10,0.00,290.91,modificado,50
00:54:55,123.71,0.00,123.71,0.00,1781.44,modificado,50
00:54:56,25.00,0.00,25.00,0.00,232.00,modificado,50
00:54:57,65.31,0.00,65.31,0.00,1208.16,modificado,50
00:54:58,95.79,0.00,95.79,0.00,1263.16,modificado,50
00:54:59,26.26,0.00,26.26,0.00,840.40,modificado,50
00:55:00,106.25,0.00,106.25,0.00,1358.33,modificado,50
00:55:01,28.57,0.00,28.57,0.00,261.22,modificado,50
00:55:02,7.77,1.94,5.83,15.53,46.60,modificado,50
00:55:03,13.54,0.00,13.54,0.00,641.67,modificado,50
00:55:04,78.57,0.00,78.57,0.00,1159.18,modificado,50
00:55:05,64.29,0.00,64.29,0.00,644.90,modificado,50
00:55:06,72.45,0.00,72.45,0.00,865.31,modificado,50
00:55:07,20.62,0.00,20.62,0.00,874.23,modificado,50
00:55:08,136.46,0.00,136.46,0.00,1650.00,modificado,50
00:55:09,07.07,0.00,07.07,0.00,48.48,modificado,50
00:55:10,56.12,0.00,56.12,0.00,1102.04,modificado,50
00:55:11,100.00,0.00,100.00,0.00,1330.53,modificado,50
00:55:12,9.00,0.00,9.00,0.00,304.00,modificado,50
00:55:13,77.66,0.00,77.66,0.00,1472.34,modificado,50
00:55:14,73.00,0.00,73.00,0.00,712.00,modificado,50
00:55:15,27.27,01.01,26.26,08.08,840.40,modificado,50
00:55:16,137.76,0.00,137.76,0.00,1608.16,modificado,50
00:55:17,5.94,0.00,5.94,0.00,47.52,modificado,50
00:55:18,64.65,0.00,64.65,0.00,1357.58,modificado,50
00:55:19,80.41,0.00,80.41,0.00,1063.92,modificado,50
00:55:20,10.20,0.00,10.20,0.00,81.63,modificado,50
00:55:21,81.25,0.00,81.25,0.00,1766.67,modificado,50
00:55:22,72.73,0.00,72.73,0.00,727.27,modificado,50
00:55:23,20.41,0.00,20.41,0.00,808.16,modificado,50
00:55:24,89.90,0.00,89.90,0.00,1179.80,modificado,50
00:55:25,34.02,0.00,34.02,0.00,445.36,modificado,50
00:55:26,52.04,0.00,52.04,0.00,1028.57,modificado,50
00:55:27,94.90,0.00,94.90,0.00,1289.80,modificado,50
00:55:28,13.13,0.00,13.13,0.00,379.80,modificado,50
00:55:29,0.00,0.00,0.00,0.00,0.00,modificado,50
00:55:30,0.00,0.00,0.00,0.00,0.00,modificado,50
00:55:31,6.19,0.00,6.19,0.00,49.48,modificado,50
00:55:32,0.00,0.00,0.00,0.00,0.00,modificado,50
00:55:33,02.02,0.00,02.02,0.00,113.13,modificado,50
00:55:34,106.93,106.93,0.00,26368.32,0.00,modificado,50
00:55:35,0.00,0.00,0.00,0.00,0.00,modificado,50
00:55:36,0.00,0.00,0.00,0.00,0.00,modificado,50
00:55:37,5.00,0.00,5.00,0.00,152.00,modificado,50
00:55:38,0.00,0.00,0.00,0.00,0.00,modificado,50
00:55:39,2.00,0.00,2.00,0.00,192.00,modificado,50
00:55:40,0.00,0.00,0.00,0.00,0.00,modificado,50
00:55:41,0.00,0.00,0.00,0.00,0.00,modificado,50
00:55:42,61.62,0.00,61.62,0.00,646.46,modificado,50
00:55:43,0.00,0.00,0.00,0.00,0.00,modificado,50
00:55:44,2.97,0.00,2.97,0.00,150.50,modificado,50
00:55:45,0.00,0.00,0.00,0.00,0.00,modificado,50
00:55:46,0.00,0.00,0.00,0.00,0.00,modificado,50
00:55:47,0.99,0.00,0.99,0.00,15.84,modificado,50
00:55:48,0.00,0.00,0.00,0.00,0.00,modificado,50
00:55:49,02.02,0.00,02.02,0.00,153.54,modificado,50
00:55:50,0.00,0.00,0.00,0.00,0.00,modificado,50
00:55:51,0.00,0.00,0.00,0.00,0.00,modificado,50
00:55:52,2.00,0.00,2.00,0.00,24.00,modificado,50
00:55:53,0.00,0.00,0.00,0.00,0.00,modificado,50
00:55:54,02.02,0.00,02.02,0.00,145.45,modificado,50
00:55:55,0.00,0.00,0.00,0.00,0.00,modificado,50
00:55:56,0.00,0.00,0.00,0.00,0.00,modificado,50
00:55:57,1.98,0.00,1.98,0.00,31.68,modificado,50
00:55:58,0.00,0.00,0.00,0.00,0.00,modificado,50
00:55:59,02.04,0.00,02.04,0.00,155.10,modificado,50
00:56:00,0.00,0.00,0.00,0.00,0.00,modificado,50
00:56:01,0.00,0.00,0.00,0.00,0.00,modificado,50
00:56:02,0.00,0.00,0.00,0.00,0.00,modificado,50
00:56:03,0.00,0.00,0.00,0.00,0.00,modificado,50
12:33:03,183.51,176.29,7.22,14828.87,65.98,original,100
12:33:04,118.37,118.37,0.00,946.94,0.00,original,100
12:33:05,15.46,03.09,12.37,24.74,123.71,original,100
12:33:06,181.11,28.89,152.22,1822.22,2524.44,original,100
12:33:07,106.12,87.76,18.37,19910.20,220.41,original,100
12:33:08,189.01,91.21,97.80,9301.10,2285.71,original,100
12:33:09,71.00,8.00,63.00,144.00,656.00,original,100
12:33:10,103.30,0.00,103.30,0.00,2400.00,original,100
12:33:11,80.61,01.02,79.59,8.16,751.02,original,100
12:33:12,169.66,1.12,168.54,8.99,2948.31,original,100
12:33:13,130.00,0.00,130.00,0.00,2488.89,original,100
12:33:14,103.16,01.05,102.11,8.42,1894.74,original,100
12:33:15,116.67,0.00,116.67,0.00,1558.33,original,100
12:33:16,162.37,0.00,162.37,0.00,2916.13,original,100
12:33:17,131.52,0.00,131.52,0.00,2426.09,original,100
12:33:18,108.33,0.00,108.33,0.00,2083.33,original,100
12:33:19,109.47,0.00,109.47,0.00,1440.00,original,100
12:33:20,163.33,0.00,163.33,0.00,2915.56,original,100
12:33:21,134.07,0.00,134.07,0.00,2496.70,original,100
12:33:22,90.62,0.00,90.62,0.00,1558.33,original,100
12:33:23,119.79,0.00,119.79,0.00,1841.67,original,100
12:33:24,175.28,0.00,175.28,0.00,3146.07,original,100
12:33:25,97.83,0.00,97.83,0.00,2208.70,original,100
12:33:26,77.78,0.00,77.78,0.00,751.52,original,100
12:33:27,161.29,0.00,161.29,0.00,2933.33,original,100
12:33:28,172.83,0.00,172.83,0.00,2939.13,original,100
12:33:29,100.00,0.00,100.00,0.00,2255.32,original,100
12:33:30,72.73,0.00,72.73,0.00,1010.10,original,100
12:33:31,157.78,0.00,157.78,0.00,2693.33,original,100
12:33:32,163.04,0.00,163.04,0.00,2904.35,original,100
12:33:33,92.55,0.00,92.55,0.00,1991.49,original,100
12:33:34,92.08,0.00,92.08,0.00,1291.09,original,100
12:33:35,154.35,0.00,154.35,0.00,2669.57,original,100
12:33:36,125.56,0.00,125.56,0.00,2417.78,original,100
12:33:37,56.57,0.00,56.57,0.00,864.65,original,100
12:33:38,161.96,0.00,161.96,0.00,2617.39,original,100
12:33:39,167.05,0.00,167.05,0.00,3000.00,original,100
12:33:40,77.42,0.00,77.42,0.00,1720.43,original,100
12:33:41,109.28,0.00,109.28,0.00,1393.81,original,100
12:33:42,166.29,0.00,166.29,0.00,2975.28,original,100
12:33:43,159.34,0.00,159.34,0.00,2936.26,original,100
12:33:44,105.38,0.00,105.38,0.00,2296.77,original,100
12:33:45,80.20,0.00,80.20,0.00,720.79,original,100
12:33:46,177.27,0.00,177.27,0.00,3136.36,original,100
12:33:47,167.39,0.00,167.39,0.00,2904.35,original,100
12:33:48,78.65,0.00,78.65,0.00,1941.57,original,100
12:33:49,96.91,0.00,96.91,0.00,1179.38,original,100
12:33:50,160.23,0.00,160.23,0.00,2981.82,original,100
12:33:51,113.68,0.00,113.68,0.00,2366.32,original,100
12:33:52,72.00,0.00,72.00,0.00,1296.00,original,100
12:33:53,142.39,0.00,142.39,0.00,2252.17,original,100
12:33:54,160.00,0.00,160.00,0.00,3013.33,original,100
12:33:55,160.22,0.00,160.22,0.00,2890.32,original,100
12:33:56,120.21,0.00,120.21,0.00,2459.57,original,100
12:33:57,91.58,0.00,91.58,0.00,1818.95,original,100
12:33:58,116.84,0.00,116.84,0.00,1642.11,original,100
12:33:59,167.39,0.00,167.39,0.00,3060.87,original,100
12:34:00,128.26,0.00,128.26,0.00,2495.65,original,100
12:34:01,64.95,0.00,64.95,0.00,1253.61,original,100
12:34:02,137.63,0.00,137.63,0.00,2322.58,original,100
12:34:03,173.63,0.00,173.63,0.00,3032.97,original,100
12:34:04,93.62,0.00,93.62,0.00,2212.77,original,100
12:34:05,73.74,0.00,73.74,0.00,872.73,original,100
12:34:06,167.03,0.00,167.03,0.00,3006.59,original,100
12:34:07,109.28,0.00,109.28,0.00,2350.52,original,100
12:34:08,90.53,0.00,90.53,0.00,1524.21,original,100
12:34:09,133.33,0.00,133.33,0.00,2050.00,original,100
12:34:10,180.00,0.00,180.00,0.00,3303.53,original,100
12:34:11,70.10,0.00,70.10,0.00,1542.27,original,100
12:34:12,126.88,0.00,126.88,0.00,1548.39,original,100
12:34:13,192.94,0.00,192.94,0.00,3162.35,original,100
12:34:14,96.81,0.00,96.81,0.00,2127.66,original,100
12:34:15,80.61,0.00,80.61,0.00,816.33,original,100
12:34:16,173.33,0.00,173.33,0.00,2968.89,original,100
12:34:17,106.74,0.00,106.74,0.00,2220.22,original,100
12:34:18,80.81,0.00,80.81,0.00,1002.02,original,100
12:34:19,176.74,0.00,176.74,0.00,2874.42,original,100
12:34:20,146.15,0.00,146.15,0.00,2628.57,original,100
12:34:21,83.87,0.00,83.87,0.00,1694.62,original,100
12:34:22,115.62,0.00,115.62,0.00,1533.33,original,100
12:34:23,155.06,0.00,155.06,0.00,2903.37,original,100
12:34:24,98.92,0.00,98.92,0.00,2098.92,original,100
12:34:25,73.74,0.00,73.74,0.00,824.24,original,100
12:34:26,153.76,0.00,153.76,0.00,2752.69,original,100
12:34:27,102.27,0.00,102.27,0.00,2363.64,original,100
12:34:28,70.30,0.00,70.30,0.00,744.55,original,100
12:34:29,171.26,0.00,171.26,0.00,2997.70,original,100
12:34:30,112.22,0.00,112.22,0.00,2311.11,original,100
12:34:31,71.72,0.00,71.72,0.00,686.87,original,100
12:34:32,168.13,0.00,168.13,0.00,2865.93,original,100
12:34:33,160.22,0.00,160.22,0.00,2881.72,original,100
12:34:34,87.23,0.00,87.23,0.00,1744.68,original,100
12:34:35,104.12,0.00,104.12,0.00,1154.64,original,100
12:34:36,45.26,0.00,45.26,0.00,1246.32,original,100
12:34:37,117.20,0.00,117.20,0.00,1591.40,original,100
12:34:38,159.55,0.00,159.55,0.00,2867.42,original,100
12:34:39,79.79,2.13,77.66,17.02,1514.89,original,100
12:34:40,118.09,01.06,117.02,8.51,1548.94,original,100
12:34:41,172.53,0.00,172.53,0.00,2971.43,original,100
12:34:42,78.95,0.00,78.95,0.00,1785.26,original,100
12:34:43,102.13,0.00,102.13,0.00,1174.47,original,100
12:34:44,156.84,0.00,156.84,0.00,2804.21,original,100
12:34:45,63.04,0.00,63.04,0.00,1452.17,original,100
12:34:46,113.68,0.00,113.68,0.00,1532.63,original,100
12:34:47,147.25,0.00,147.25,0.00,2786.81,original,100
12:34:48,79.79,0.00,79.79,0.00,1336.17,original,100
12:34:49,123.96,0.00,123.96,0.00,1816.67,original,100
12:34:50,154.17,0.00,154.17,0.00,2733.33,original,100
12:34:51,120.00,0.00,120.00,0.00,2426.67,original,100
12:34:52,105.26,0.00,105.26,0.00,1701.05,original,100
12:34:53,110.53,0.00,110.53,0.00,1768.42,original,100
12:34:54,182.95,0.00,182.95,0.00,3045.45,original,100
12:34:55,77.66,0.00,77.66,0.00,1787.23,original,100
12:34:56,97.94,0.00,97.94,0.00,1179.38,original,100
12:34:57,171.26,0.00,171.26,0.00,3016.09,original,100
12:34:58,63.44,0.00,63.44,0.00,1427.96,original,100
12:34:59,115.96,0.00,115.96,0.00,1600.00,original,100
12:35:00,165.93,0.00,165.93,0.00,2936.26,original,100
12:35:01,62.89,02.06,60.82,16.49,1385.57,original,100
12:35:02,115.46,0.00,115.46,0.00,1575.26,original,100
12:35:03,135.79,0.00,135.79,0.00,2585.26,original,100
12:35:04,84.04,0.00,84.04,0.00,1642.55,original,100
12:35:05,113.54,0.00,113.54,0.00,1525.00,original,100
12:35:06,35.11,0.00,35.11,0.00,817.02,original,100
12:35:07,136.26,0.00,136.26,0.00,2109.89,original,100
12:35:08,104.35,0.00,104.35,0.00,2269.57,original,100
12:35:09,63.37,0.00,63.37,0.00,665.35,original,100
12:35:10,161.29,0.00,161.29,0.00,2898.92,original,100
12:35:11,126.09,0.00,126.09,0.00,2452.17,original,100
12:35:12,54.55,0.00,54.55,0.00,848.48,original,100
12:35:13,151.61,0.00,151.61,0.00,2520.43,original,100
12:35:14,135.42,0.00,135.42,0.00,2425.00,original,100
12:35:15,84.95,0.00,84.95,0.00,1823.66,original,100
12:35:16,109.38,0.00,109.38,0.00,1516.67,original,100
12:35:17,183.52,0.00,183.52,0.00,3015.38,original,100
12:35:18,92.63,0.00,92.63,0.00,2105.26,original,100
12:35:19,76.29,0.00,76.29,0.00,791.75,original,100
12:35:20,170.11,0.00,170.11,0.00,3117.24,original,100
12:35:21,104.21,0.00,104.21,0.00,2197.89,original,100
12:35:22,65.31,0.00,65.31,0.00,677.55,original,100
12:35:23,161.96,0.00,161.96,0.00,2869.57,original,100
12:35:24,112.90,0.00,112.90,0.00,2348.39,original,100
12:35:25,109.68,0.00,109.68,0.00,2004.30,original,100
12:35:26,123.16,0.00,123.16,0.00,1591.58,original,100
12:35:27,177.01,0.00,177.01,0.00,2988.51,original,100
12:35:28,95.79,0.00,95.79,0.00,2080.00,original,100
12:35:29,86.60,0.00,86.60,0.00,849.48,original,100
12:35:30,6.25,0.00,6.25,0.00,300.00,original,100
12:35:31,0.00,0.00,0.00,0.00,0.00,original,100
12:35:32,0.00,0.00,0.00,0.00,0.00,original,100
12:35:33,0.00,0.00,0.00,0.00,0.00,original,100
12:35:34,0.00,0.00,0.00,0.00,0.00,original,100
12:35:35,89.58,0.00,89.58,0.00,1391.67,original,100
12:35:36,69.07,0.00,69.07,0.00,618.56,original,100
12:35:37,113.27,0.00,113.27,0.00,1755.10,original,100
12:35:38,72.73,0.00,72.73,0.00,1034.34,original,100
12:35:39,150.52,0.00,150.52,0.00,1880.41,original,100
12:35:40,84.69,0.00,84.69,0.00,1591.84,original,100
12:35:41,83.33,0.00,83.33,0.00,791.67,original,100
12:35:42,161.70,0.00,161.70,0.00,2417.02,original,100
12:35:43,82.00,0.00,82.00,0.00,1584.00,original,100
12:35:44,103.03,0.00,103.03,0.00,1543.43,original,100
12:35:45,147.37,0.00,147.37,0.00,1574.74,original,100
12:35:46,81.44,0.00,81.44,0.00,1525.77,original,100
12:35:47,83.51,0.00,83.51,0.00,824.74,original,100
12:35:48,108.33,0.00,108.33,0.00,1825.00,original,100
12:35:49,73.74,0.00,73.74,0.00,1042.42,original,100
12:35:50,150.00,0.00,150.00,0.00,1991.67,original,100
12:35:51,36.46,0.00,36.46,0.00,916.67,original,100
12:35:52,140.62,0.00,140.62,0.00,1500.00,original,100
12:35:53,78.35,0.00,78.35,0.00,1336.08,original,100
12:35:54,95.92,0.00,95.92,0.00,1053.06,original,100
12:35:55,139.58,0.00,139.58,0.00,2125.00,original,100
12:35:56,50.52,0.00,50.52,0.00,1039.18,original,100
12:35:57,142.27,0.00,142.27,0.00,1542.27,original,100
12:35:58,109.00,0.00,109.00,0.00,1768.00,original,100
12:35:59,81.05,0.00,81.05,0.00,1338.95,original,100
12:36:00,139.39,0.00,139.39,0.00,1802.02,original,100
12:36:01,92.78,0.00,92.78,0.00,1674.23,original,100
12:36:02,91.75,0.00,91.75,0.00,783.51,original,100
12:36:03,139.18,0.00,139.18,0.00,2127.84,original,100
12:36:04,56.12,0.00,56.12,0.00,1036.73,original,100
12:36:05,156.25,0.00,156.25,0.00,1550.00,original,100
12:36:06,68.37,0.00,68.37,0.00,1110.20,original,100
12:36:07,109.18,0.00,109.18,0.00,1265.31,original,100
12:36:08,118.37,0.00,118.37,0.00,1885.71,original,100
12:36:09,69.39,0.00,69.39,0.00,1297.96,original,100
12:36:10,142.27,0.00,142.27,0.00,1517.53,original,100
12:36:11,151.04,0.00,151.04,0.00,2183.33,original,100
12:36:12,64.29,0.00,64.29,0.00,1102.04,original,100
12:36:13,137.37,0.00,137.37,0.00,1422.22,original,100
12:36:14,120.62,0.00,120.62,0.00,1880.41,original,100
12:36:15,60.20,0.00,60.20,0.00,857.14,original,100
12:36:16,153.54,0.00,153.54,0.00,2052.53,original,100
12:36:17,35.71,0.00,35.71,0.00,906.12,original,100
12:36:18,131.25,0.00,131.25,0.00,1475.00,original,100
12:36:19,93.62,0.00,93.62,0.00,1685.11,original,100
12:36:20,145.45,0.00,145.45,0.00,1826.26,original,100
12:36:21,105.15,0.00,105.15,0.00,1764.95,original,100
12:36:22,71.88,0.00,71.88,0.00,675.00,original,100
12:36:23,151.02,0.00,151.02,0.00,2236.73,original,100
12:36:24,40.82,0.00,40.82,0.00,946.94,original,100
12:36:25,137.11,0.00,137.11,0.00,1534.02,original,100
12:36:26,146.32,0.00,146.32,0.00,2164.21,original,100
12:36:27,43.43,0.00,43.43,0.00,977.78,original,100
12:36:28,137.11,0.00,137.11,0.00,1517.53,original,100
12:36:29,113.83,0.00,113.83,0.00,1863.83,original,100
12:36:30,77.55,0.00,77.55,0.00,1248.98,original,100
12:36:31,135.42,0.00,135.42,0.00,1841.67,original,100
12:36:32,51.02,0.00,51.02,0.00,1012.24,original,100
12:36:33,138.54,0.00,138.54,0.00,1533.33,original,100
12:36:34,142.11,0.00,142.11,0.00,2298.95,original,100
12:36:35,19.19,0.00,19.19,0.00,161.62,original,100
12:36:36,130.21,0.00,130.21,0.00,2200.00,original,100
12:36:37,48.48,0.00,48.48,0.00,969.70,original,100
12:36:38,130.93,0.00,130.93,0.00,1501.03,original,100
12:36:39,85.42,0.00,85.42,0.00,1633.33,original,100
12:36:40,82.83,0.00,82.83,0.00,775.76,original,100
12:36:41,168.48,0.00,168.48,0.00,2460.87,original,100
12:36:42,51.02,0.00,51.02,0.00,1004.08,original,100
12:36:43,124.21,0.00,124.21,0.00,1364.21,original,100
12:36:44,118.00,0.00,118.00,0.00,1816.00,original,100
12:36:45,71.72,0.00,71.72,0.00,1228.28,original,100
12:36:46,154.17,0.00,154.17,0.00,1633.33,original,100
12:36:47,51.02,0.00,51.02,0.00,987.76,original,100
12:36:48,121.00,0.00,121.00,0.00,1336.00,original,100
12:36:49,88.54,0.00,88.54,0.00,1650.00,original,100
12:36:50,145.54,0.00,145.54,0.00,1560.40,original,100
12:36:51,119.79,0.00,119.79,0.00,1883.33,original,100
12:36:52,70.10,0.00,70.10,0.00,1072.16,original,100
12:36:53,147.37,0.00,147.37,0.00,1726.32,original,100
12:36:54,61.00,0.00,61.00,0.00,1024.00,original,100
12:36:55,112.37,0.00,112.37,0.00,1303.09,original,100
12:36:56,117.53,0.00,117.53,0.00,1781.44,original,100
12:36:57,77.78,0.00,77.78,0.00,1107.07,original,100
12:36:58,153.19,0.00,153.19,0.00,1591.49,original,100
12:36:59,53.06,0.00,53.06,0.00,979.59,original,100
12:37:00,115.79,0.00,115.79,0.00,1296.84,original,100
12:37:01,126.53,0.00,126.53,0.00,2089.80,original,100
12:37:02,68.37,0.00,68.37,0.00,963.27,original,100
12:37:03,152.58,0.00,152.58,0.00,1806.19,original,100
12:37:04,30.61,0.00,30.61,0.00,808.16,original,100
12:37:05,146.39,0.00,146.39,0.00,1509.28,original,100
12:37:06,100.00,0.00,100.00,0.00,1698.97,original,100
12:37:07,79.17,0.00,79.17,0.00,700.00,original,100
12:37:08,161.22,0.00,161.22,0.00,2236.73,original,100
12:37:09,48.45,0.00,48.45,0.00,956.70,original,100
12:37:10,122.92,0.00,122.92,0.00,1375.00,original,100
12:37:11,132.29,0.00,132.29,0.00,1983.33,original,100
12:37:12,69.47,0.00,69.47,0.00,1120.00,original,100
12:37:13,157.73,0.00,157.73,0.00,1583.51,original,100
12:37:14,46.39,0.00,46.39,0.00,931.96,original,100
12:37:15,133.33,0.00,133.33,0.00,1349.49,original,100
12:37:16,144.33,0.00,144.33,0.00,1979.38,original,100
12:37:17,79.17,0.00,79.17,0.00,1258.33,original,100
12:37:18,148.45,0.00,148.45,0.00,1443.30,original,100
12:37:19,163.64,0.00,163.64,0.00,2076.77,original,100
12:37:20,51.55,0.00,51.55,0.00,964.95,original,100
12:37:21,221.88,0.00,221.88,0.00,2516.67,original,100
12:37:22,38.14,0.00,38.14,0.00,857.73,original,100
12:37:23,148.98,0.00,148.98,0.00,1477.55,original,100
12:37:24,92.71,0.00,92.71,0.00,1316.67,original,100
12:37:25,102.02,0.00,102.02,0.00,977.78,original,100
12:37:26,158.59,0.00,158.59,0.00,2101.01,original,100
12:37:27,68.69,0.00,68.69,0.00,1042.42,original,100
12:37:28,124.49,0.00,124.49,0.00,1322.45,original,100
12:37:29,87.37,0.00,87.37,0.00,1608.42,original,100
12:37:30,85.00,0.00,85.00,0.00,736.00,original,100
12:37:31,150.53,0.00,150.53,0.00,2357.89,original,100
12:37:32,46.46,0.00,46.46,0.00,896.97,original,100
12:37:33,155.32,0.00,155.32,0.00,1565.96,original,100
12:37:34,70.00,0.00,70.00,0.00,1032.00,original,100
12:37:35,112.50,0.00,112.50,0.00,1216.67,original,100
12:37:36,102.08,0.00,102.08,0.00,1816.67,original,100
12:37:37,84.69,0.00,84.69,0.00,710.20,original,100
12:37:38,155.79,0.00,155.79,0.00,2189.47,original,100
12:37:39,40.82,0.00,40.82,0.00,840.82,original,100
12:37:40,146.88,0.00,146.88,0.00,1508.33,original,100
12:37:41,70.00,0.00,70.00,0.00,1056.00,original,100
12:37:42,114.43,0.00,114.43,0.00,1245.36,original,100
12:37:43,127.84,0.00,127.84,0.00,1781.44,original,100
12:37:44,67.01,0.00,67.01,0.00,758.76,original,100
12:37:45,158.33,0.00,158.33,0.00,1883.33,original,100
12:37:46,48.48,0.00,48.48,0.00,921.21,original,100
12:37:47,151.02,0.00,151.02,0.00,1534.69,original,100
12:37:48,63.92,0.00,63.92,0.00,1014.43,original,100
12:37:49,116.16,0.00,116.16,0.00,1244.44,original,100
12:37:50,93.81,0.00,93.81,0.00,1567.01,original,100
12:37:51,94.00,0.00,94.00,0.00,760.00,original,100
12:37:52,170.41,0.00,170.41,0.00,2448.98,original,100
12:37:53,91.00,0.00,91.00,0.00,728.00,original,100
12:37:54,155.79,0.00,155.79,0.00,2189.47,original,100
12:37:55,40.21,0.00,40.21,0.00,832.99,original,100
12:37:56,141.24,0.00,141.24,0.00,1501.03,original,100
12:37:57,71.13,0.00,71.13,0.00,1187.63,original,100
12:37:58,101.04,0.00,101.04,0.00,1250.00,original,100
12:37:59,121.05,0.00,121.05,0.00,1869.47,original,100
12:38:00,56.70,0.00,56.70,0.00,767.01,original,100
12:38:01,149.47,0.00,149.47,0.00,1953.68,original,100
12:38:02,44.90,0.00,44.90,0.00,1102.04,original,100
12:38:03,124.49,0.00,124.49,0.00,1387.76,original,100
12:38:04,95.79,0.00,95.79,0.00,1675.79,original,100
12:38:05,77.78,0.00,77.78,0.00,888.89,original,100
12:38:06,152.08,0.00,152.08,0.00,1983.33,original,100
12:38:07,42.27,0.00,42.27,0.00,964.95,original,100
12:38:08,143.75,0.00,143.75,0.00,1508.33,original,100
12:38:09,62.63,0.00,62.63,0.00,1002.02,original,100
12:38:10,116.67,0.00,116.67,0.00,1275.00,original,100
12:38:11,90.72,0.00,90.72,0.00,1616.49,original,100
12:38:12,89.90,0.00,89.90,0.00,1107.07,original,100
12:38:13,155.10,0.00,155.10,0.00,1902.04,original,100
12:38:14,94.74,0.00,94.74,0.00,1642.11,original,100
12:38:15,87.00,0.00,87.00,0.00,920.00,original,100
12:38:16,169.47,0.00,169.47,0.00,2063.16,original,100
12:38:17,34.00,0.00,34.00,0.00,848.00,original,100
12:38:18,141.05,0.00,141.05,0.00,1482.11,original,100
12:38:19,91.75,0.00,91.75,0.00,1575.26,original,100
12:38:20,98.99,0.00,98.99,0.00,1228.28,original,100
12:38:21,157.45,0.00,157.45,0.00,1753.19,original,100
01:07:07,138.30,129.79,8.51,12502.13,76.60,modificado,100
01:07:08,155.45,155.45,0.00,1243.56,0.00,modificado,100
01:07:09,0.00,0.00,0.00,0.00,0.00,modificado,100
01:07:10,120.93,6.98,113.95,55.81,1841.86,modificado,100
01:07:11,113.19,2.20,110.99,17.58,1670.33,modificado,100
01:07:12,01.01,0.00,01.01,0.00,16.16,modificado,100
01:07:13,122.68,43.30,79.38,3249.48,1830.93,modificado,100
01:07:14,88.00,5.00,83.00,40.00,1056.00,modificado,100
01:07:15,6.12,0.00,6.12,0.00,40.82,modificado,100
01:07:16,141.11,2.22,138.89,17.78,2568.89,modificado,100
01:07:17,32.65,0.00,32.65,0.00,489.80,modificado,100
01:07:18,95.60,0.00,95.60,0.00,2206.59,modificado,100
01:07:19,71.00,1.00,70.00,8.00,784.00,modificado,100
01:07:20,27.84,01.03,26.80,8.25,775.26,modificado,100
01:07:21,165.88,1.18,164.71,9.41,2512.94,modificado,100
01:07:22,07.07,0.00,07.07,0.00,40.40,modificado,100
01:07:23,168.82,01.08,167.74,8.60,2933.33,modificado,100
01:07:24,7.92,0.99,6.93,7.92,39.60,modificado,100
01:07:25,143.82,1.12,142.70,8.99,2849.44,modificado,100
01:07:26,27.27,01.01,26.26,08.08,290.91,modificado,100
01:07:27,110.11,0.00,110.11,0.00,2417.98,modificado,100
01:07:28,62.63,01.01,61.62,08.08,670.71,modificado,100
01:07:29,98.92,2.15,96.77,17.20,2339.78,modificado,100
01:07:30,66.67,01.01,65.66,08.08,711.11,modificado,100
01:07:31,07.07,0.00,07.07,0.00,48.48,modificado,100
01:07:32,177.91,3.49,174.42,27.91,3144.19,modificado,100
01:07:33,07.07,0.00,07.07,0.00,40.40,modificado,100
01:07:34,91.86,0.00,91.86,0.00,2158.14,modificado,100
01:07:35,82.47,0.00,82.47,0.00,1055.67,modificado,100
01:07:36,8.82,0.00,8.82,0.00,266.67,modificado,100
01:07:37,162.92,1.12,161.80,8.99,2840.45,modificado,100
01:07:38,4.90,0.00,4.90,0.00,39.22,modificado,100
01:07:39,130.34,0.00,130.34,0.00,2588.76,modificado,100
01:07:40,40.40,01.01,39.39,08.08,565.66,modificado,100
01:07:41,90.53,01.05,89.47,8.42,2054.74,modificado,100
01:07:42,69.39,0.00,69.39,0.00,938.78,modificado,100
01:07:43,95.56,1.11,94.44,8.89,2337.78,modificado,100
01:07:44,59.00,1.00,58.00,8.00,696.00,modificado,100
01:07:45,67.02,0.00,67.02,0.00,1582.98,modificado,100
01:07:46,101.06,0.00,101.06,0.00,1438.30,modificado,100
01:07:47,12.12,0.00,12.12,0.00,379.80,modificado,100
01:07:48,168.24,2.35,165.88,18.82,2861.18,modificado,100
01:07:49,5.00,0.00,5.00,0.00,40.00,modificado,100
01:07:50,146.74,01.09,145.65,8.70,2834.78,modificado,100
01:07:51,24.24,01.01,23.23,08.08,234.34,modificado,100
01:07:52,112.63,01.05,111.58,8.42,2357.89,modificado,100
01:07:53,49.48,0.00,49.48,0.00,610.31,modificado,100
01:07:54,95.70,0.00,95.70,0.00,2279.57,modificado,100
01:07:55,68.37,0.00,68.37,0.00,726.53,modificado,100
01:07:56,35.00,0.00,35.00,0.00,864.00,modificado,100
01:07:57,144.94,0.00,144.94,0.00,2292.13,modificado,100
01:07:58,10.10,0.00,10.10,0.00,274.75,modificado,100
01:07:59,159.14,01.08,158.06,8.60,2675.27,modificado,100
01:08:00,08.08,0.00,08.08,0.00,48.48,modificado,100
01:08:01,131.18,0.00,131.18,0.00,2451.61,modificado,100
01:08:02,45.00,0.00,45.00,0.00,584.00,modificado,100
01:08:03,66.32,01.05,65.26,8.42,1608.42,modificado,100
01:08:04,95.74,0.00,95.74,0.00,1378.72,modificado,100
01:08:05,14.14,01.01,13.13,08.08,379.80,modificado,100
01:08:06,170.59,0.00,170.59,0.00,2964.71,modificado,100
01:08:07,5.94,0.00,5.94,0.00,39.60,modificado,100
01:08:08,157.83,0.00,157.83,0.00,2727.71,modificado,100
01:08:09,36.08,01.03,35.05,8.25,527.84,modificado,100
01:08:10,87.50,0.00,87.50,0.00,2050.00,modificado,100
01:08:11,72.16,0.00,72.16,0.00,931.96,modificado,100
01:08:12,62.77,0.00,62.77,0.00,1548.94,modificado,100
01:08:13,98.96,0.00,98.96,0.00,1366.67,modificado,100
01:08:14,39.80,0.00,39.80,0.00,881.63,modificado,100
01:08:15,129.03,0.00,129.03,0.00,2141.94,modificado,100
01:08:16,11.11,0.00,11.11,0.00,290.91,modificado,100
01:08:17,174.42,1.16,173.26,9.30,3004.65,modificado,100
01:08:18,5.94,0.00,5.94,0.00,39.60,modificado,100
01:08:19,114.44,1.11,113.33,8.89,2382.22,modificado,100
01:08:20,57.73,01.03,56.70,8.25,676.29,modificado,100
01:08:21,57.29,0.00,57.29,0.00,1141.67,modificado,100
01:08:22,108.42,0.00,108.42,0.00,1768.42,modificado,100
01:08:23,7.00,0.00,7.00,0.00,48.00,modificado,100
01:08:24,155.79,0.00,155.79,0.00,2947.37,modificado,100
01:08:25,8.16,01.02,7.14,8.16,65.31,modificado,100
01:08:26,104.65,0.00,104.65,0.00,2400.00,modificado,100
01:08:27,65.31,01.02,64.29,8.16,734.69,modificado,100
01:08:28,25.51,0.00,25.51,0.00,800.00,modificado,100
01:08:29,156.18,0.00,156.18,0.00,2444.94,modificado,100
01:08:30,8.16,0.00,8.16,0.00,65.31,modificado,100
01:08:31,176.40,1.12,175.28,8.99,3119.10,modificado,100
01:08:32,7.14,0.00,7.14,0.00,48.98,modificado,100
01:08:33,144.44,0.00,144.44,0.00,2675.56,modificado,100
01:08:34,37.76,0.00,37.76,0.00,506.12,modificado,100
01:08:35,72.16,0.00,72.16,0.00,1731.96,modificado,100
01:08:36,98.94,01.06,97.87,8.51,1157.45,modificado,100
01:08:37,7.92,0.00,7.92,0.00,47.52,modificado,100
01:08:38,165.91,0.00,165.91,0.00,3036.36,modificado,100
01:08:39,22.22,0.00,22.22,0.00,218.18,modificado,100
01:08:40,100.00,1.12,98.88,8.99,2346.07,modificado,100
01:08:41,75.51,01.02,74.49,8.16,742.86,modificado,100
01:08:42,33.66,0.00,33.66,0.00,839.60,modificado,100
01:08:43,141.05,0.00,141.05,0.00,2197.89,modificado,100
01:08:44,7.92,0.00,7.92,0.00,47.52,modificado,100
01:08:45,154.44,0.00,154.44,0.00,2515.56,modificado,100
01:08:46,31.63,0.00,31.63,0.00,457.14,modificado,100
01:08:47,100.00,0.00,100.00,0.00,2279.57,modificado,100
01:08:48,71.43,01.02,70.41,8.16,718.37,modificado,100
01:08:49,52.53,0.00,52.53,0.00,1058.59,modificado,100
01:08:50,124.73,0.00,124.73,0.00,1772.04,modificado,100
01:08:51,11.88,0.00,11.88,0.00,293.07,modificado,100
01:08:52,170.33,0.00,170.33,0.00,2760.44,modificado,100
01:08:53,08.08,0.00,08.08,0.00,48.48,modificado,100
01:08:54,137.63,0.00,137.63,0.00,2443.01,modificado,100
01:08:55,44.44,0.00,44.44,0.00,541.41,modificado,100
01:08:56,96.67,0.00,96.67,0.00,2195.56,modificado,100
01:08:57,71.13,0.00,71.13,0.00,808.25,modificado,100
01:08:58,52.04,0.00,52.04,0.00,1053.06,modificado,100
01:08:59,136.96,01.09,135.87,8.70,1895.65,modificado,100
01:09:00,8.00,0.00,8.00,0.00,48.00,modificado,100
01:09:01,185.06,0.00,185.06,0.00,3163.22,modificado,100
01:09:02,7.22,0.00,7.22,0.00,49.48,modificado,100
01:09:03,97.85,0.00,97.85,0.00,2141.94,modificado,100
01:09:04,70.00,0.00,70.00,0.00,704.00,modificado,100
01:09:05,19.39,0.00,19.39,0.00,416.33,modificado,100
01:09:06,127.17,0.00,127.17,0.00,2086.96,modificado,100
01:09:07,38.78,0.00,38.78,0.00,522.45,modificado,100
01:09:09,6.00,0.00,6.00,0.00,48.00,modificado,100
01:09:10,175.00,20.65,154.35,278.26,2782.61,modificado,100
01:09:11,19.39,0.00,19.39,0.00,212.24,modificado,100
01:09:12,72.92,01.04,71.88,8.33,1683.33,modificado,100
01:09:13,92.63,01.05,91.58,8.42,1145.26,modificado,100
01:09:14,14.14,0.00,14.14,0.00,371.72,modificado,100
01:09:15,115.15,0.00,115.15,0.00,1939.39,modificado,100
01:09:16,33.67,0.00,33.67,0.00,497.96,modificado,100
01:09:17,87.10,0.00,87.10,0.00,1901.08,modificado,100
01:09:18,71.13,0.00,71.13,0.00,981.44,modificado,100
01:09:19,13.27,0.00,13.27,0.00,375.51,modificado,100
01:09:20,165.17,0.00,165.17,0.00,2759.55,modificado,100
01:09:21,4.90,0.00,4.90,0.00,47.06,modificado,100
01:09:22,150.00,0.00,150.00,0.00,2764.44,modificado,100
01:09:23,30.30,0.00,30.30,0.00,307.07,modificado,100
01:09:24,91.49,0.00,91.49,0.00,1991.49,modificado,100
01:09:25,76.29,0.00,76.29,0.00,808.25,modificado,100
01:09:26,26.53,0.00,26.53,0.00,800.00,modificado,100
01:09:27,166.28,0.00,166.28,0.00,2446.51,modificado,100
01:09:28,8.00,0.00,8.00,0.00,48.00,modificado,100
01:09:29,117.20,0.00,117.20,0.00,2227.96,modificado,100
01:09:30,55.67,0.00,55.67,0.00,610.31,modificado,100
01:09:31,60.61,0.00,60.61,0.00,1414.14,modificado,100
01:09:32,121.11,0.00,121.11,0.00,1564.44,modificado,100
01:09:33,8.74,0.00,8.74,0.00,54.37,modificado,100
01:09:34,174.16,0.00,174.16,0.00,3011.24,modificado,100
01:09:35,13.27,01.02,12.24,8.16,106.12,modificado,100
01:09:36,96.77,0.00,96.77,0.00,2219.35,modificado,100
01:09:38,16.33,0.00,16.33,0.00,383.67,modificado,100
01:09:39,177.91,1.16,176.74,9.30,2688.37,modificado,100
01:09:40,7.84,0.00,7.84,0.00,47.06,modificado,100
01:09:41,133.33,0.00,133.33,0.00,2486.02,modificado,100
01:09:42,47.92,01.04,46.88,8.33,550.00,modificado,100
01:09:43,8.00,0.00,8.00,0.00,48.00,modificado,100
01:09:44,140.66,0.00,140.66,0.00,2408.79,modificado,100
01:09:45,42.00,0.00,42.00,0.00,496.00,modificado,100
01:09:46,112.09,0.00,112.09,0.00,2347.25,modificado,100
01:09:47,73.96,0.00,73.96,0.00,716.67,modificado,100
01:09:48,56.84,0.00,56.84,0.00,1153.68,modificado,100
01:09:49,124.18,1.10,123.08,8.79,1819.78,modificado,100
01:09:50,8.00,0.00,8.00,0.00,48.00,modificado,100
01:09:51,113.54,0.00,113.54,0.00,2225.00,modificado,100
01:09:52,69.79,0.00,69.79,0.00,691.67,modificado,100
01:09:53,66.32,0.00,66.32,0.00,1658.95,modificado,100
01:09:54,101.03,0.00,101.03,0.00,1129.90,modificado,100
01:09:55,09.09,0.00,09.09,0.00,56.57,modificado,100
01:09:56,182.42,0.00,182.42,0.00,3068.13,modificado,100
01:09:57,12.12,0.00,12.12,0.00,72.73,modificado,100
01:09:58,109.47,0.00,109.47,0.00,2164.21,modificado,100
01:09:59,64.65,0.00,64.65,0.00,670.71,modificado,100
01:10:00,75.00,0.00,75.00,0.00,1600.00,modificado,100
01:10:01,107.45,0.00,107.45,0.00,1412.77,modificado,100
01:10:02,8.91,0.00,8.91,0.00,71.29,modificado,100
01:10:03,156.38,0.00,156.38,0.00,2876.60,modificado,100
01:10:04,7.14,0.00,7.14,0.00,48.98,modificado,100
01:10:05,143.82,0.00,143.82,0.00,2777.53,modificado,100
01:10:06,25.51,0.00,25.51,0.00,285.71,modificado,100
01:10:07,89.80,0.00,89.80,0.00,2024.49,modificado,100
01:10:08,64.95,0.00,64.95,0.00,734.02,modificado,100
01:10:09,14.00,0.00,14.00,0.00,376.00,modificado,100
01:10:10,156.52,0.00,156.52,0.00,2600.00,modificado,100
01:10:11,9.00,0.00,9.00,0.00,72.00,modificado,100
01:10:12,157.58,0.00,157.58,0.00,2634.34,modificado,100
01:10:13,21.43,01.02,20.41,8.16,204.08,modificado,100
01:10:14,117.02,0.00,117.02,0.00,2280.85,modificado,100
01:10:15,50.00,0.00,50.00,0.00,571.43,modificado,100
01:10:16,69.47,0.00,69.47,0.00,1549.47,modificado,100
01:10:17,95.92,0.00,95.92,0.00,1248.98,modificado,100
01:10:18,15.00,0.00,15.00,0.00,384.00,modificado,100
01:10:19,155.67,0.00,155.67,0.00,2548.45,modificado,100
01:10:20,6.93,0.00,6.93,0.00,55.45,modificado,100
01:10:21,167.39,0.00,167.39,0.00,2904.35,modificado,100
01:10:22,6.00,0.00,6.00,0.00,48.00,modificado,100
01:10:23,122.47,0.00,122.47,0.00,2507.87,modificado,100
01:10:24,61.62,0.00,61.62,0.00,670.71,modificado,100
01:10:25,42.71,0.00,42.71,0.00,950.00,modificado,100
01:10:26,132.97,0.00,132.97,0.00,2039.56,modificado,100
01:10:27,7.00,0.00,7.00,0.00,56.00,modificado,100
01:10:28,140.66,0.00,140.66,0.00,2540.66,modificado,100
01:10:29,27.55,0.00,27.55,0.00,440.82,modificado,100
01:10:30,69.23,0.00,69.23,0.00,1494.51,modificado,100
01:10:31,102.08,0.00,102.08,0.00,1400.00,modificado,100
01:10:32,12.87,0.00,12.87,0.00,364.36,modificado,100
01:10:33,161.29,0.00,161.29,0.00,2658.06,modificado,100
01:10:34,11.11,0.00,11.11,0.00,72.73,modificado,100
01:10:35,53.68,0.00,53.68,0.00,1338.95,modificado,100
01:10:36,117.89,0.00,117.89,0.00,1507.37,modificado,100
01:10:37,7.00,0.00,7.00,0.00,48.00,modificado,100
01:10:38,130.77,0.00,130.77,0.00,2470.33,modificado,100
01:10:39,39.80,0.00,39.80,0.00,522.45,modificado,100
01:10:40,6.86,0.00,6.86,0.00,47.06,modificado,100
01:10:41,142.22,0.00,142.22,0.00,2524.44,modificado,100
01:10:42,28.00,0.00,28.00,0.00,440.00,modificado,100
01:10:43,100.00,0.00,100.00,0.00,2206.32,modificado,100
01:10:44,69.39,0.00,69.39,0.00,751.02,modificado,100
01:10:45,30.30,0.00,30.30,0.00,727.27,modificado,100
01:10:46,138.71,0.00,138.71,0.00,2133.33,modificado,100
01:10:47,8.74,0.00,8.74,0.00,279.61,modificado,100
01:10:48,173.12,0.00,173.12,0.00,2769.89,modificado,100
01:10:49,0.00,0.00,0.00,0.00,0.00,modificado,100
01:10:50,43.27,0.00,43.27,0.00,961.54,modificado,100
01:10:51,144.19,0.00,144.19,0.00,2093.02,modificado,100
01:10:52,7.14,0.00,7.14,0.00,57.14,modificado,100
01:10:53,126.88,0.00,126.88,0.00,2356.99,modificado,100
01:10:54,49.00,0.00,49.00,0.00,568.00,modificado,100
01:10:55,62.77,0.00,62.77,0.00,1455.32,modificado,100
01:10:56,117.53,0.00,117.53,0.00,1468.04,modificado,100
01:10:57,6.19,0.00,6.19,0.00,49.48,modificado,100
01:10:58,158.76,0.00,158.76,0.00,2787.63,modificado,100
01:10:59,09.09,01.01,08.08,08.08,48.48,modificado,100
01:11:00,129.79,0.00,129.79,0.00,2314.89,modificado,100
01:11:01,39.80,01.02,38.78,8.16,522.45,modificado,100
01:11:02,62.63,0.00,62.63,0.00,1397.98,modificado,100
01:11:03,118.75,0.00,118.75,0.00,1533.33,modificado,100
01:11:04,14.14,0.00,14.14,0.00,371.72,modificado,100
01:11:05,165.59,0.00,165.59,0.00,2597.85,modificado,100
01:11:06,7.92,0.00,7.92,0.00,47.52,modificado,100
01:11:07,7.00,0.00,7.00,0.00,328.00,modificado,100
01:11:08,0.00,0.00,0.00,0.00,0.00,modificado,100
01:11:09,0.00,0.00,0.00,0.00,0.00,modificado,100
01:11:10,4.17,0.00,4.17,0.00,25.00,modificado,100
01:11:11,0.00,0.00,0.00,0.00,0.00,modificado,100
01:11:12,33.33,0.00,33.33,0.00,614.14,modificado,100
01:11:13,123.66,0.00,123.66,0.00,1436.56,modificado,100
01:11:14,6.80,0.00,6.80,0.00,46.60,modificado,100
01:11:15,76.53,0.00,76.53,0.00,1289.80,modificado,100
01:11:16,92.63,0.00,92.63,0.00,1010.53,modificado,100
01:11:17,30.61,0.00,30.61,0.00,840.82,modificado,100
01:11:18,143.88,0.00,143.88,0.00,1551.02,modificado,100
01:11:19,7.00,0.00,7.00,0.00,48.00,modificado,100
01:11:20,68.37,0.00,68.37,0.00,1110.20,modificado,100
01:11:21,96.88,0.00,96.88,0.00,1216.67,modificado,100
01:11:22,20.62,0.00,20.62,0.00,610.31,modificado,100
01:11:23,124.74,0.00,124.74,0.00,1377.32,modificado,100
01:11:24,35.05,0.00,35.05,0.00,395.88,modificado,100
01:11:25,38.14,0.00,38.14,0.00,857.73,modificado,100
01:11:26,145.26,0.00,145.26,0.00,1667.37,modificado,100
01:11:27,6.12,0.00,6.12,0.00,48.98,modificado,100
01:11:28,61.62,0.00,61.62,0.00,1082.83,modificado,100
01:11:29,96.81,0.00,96.81,0.00,1251.06,modificado,100
01:11:30,13.86,0.00,13.86,0.00,364.36,modificado,100
01:11:31,129.90,01.03,128.87,8.25,1624.74,modificado,100
01:11:32,35.71,0.00,35.71,0.00,440.82,modificado,100
01:11:33,33.68,0.00,33.68,0.00,884.21,modificado,100
01:11:34,138.14,0.00,138.14,0.00,1451.55,modificado,100
01:11:35,14.29,0.00,14.29,0.00,212.24,modificado,100
01:11:36,130.11,0.00,130.11,0.00,2021.51,modificado,100
01:11:37,50.00,0.00,50.00,0.00,489.80,modificado,100
01:11:38,40.82,0.00,40.82,0.00,930.61,modificado,100
01:11:39,126.32,0.00,126.32,0.00,1440.00,modificado,100
01:11:40,6.12,0.00,6.12,0.00,48.98,modificado,100
01:11:41,109.18,0.00,109.18,0.00,1763.27,modificado,100
01:11:42,59.79,0.00,59.79,0.00,585.57,modificado,100
01:11:43,23.47,0.00,23.47,0.00,726.53,modificado,100
01:11:44,151.04,0.00,151.04,0.00,1675.00,modificado,100
01:11:45,12.24,0.00,12.24,0.00,81.63,modificado,100
01:11:46,88.54,0.00,88.54,0.00,1641.67,modificado,100
01:11:47,81.63,0.00,81.63,0.00,734.69,modificado,100
01:11:48,10.10,0.00,10.10,0.00,274.75,modificado,100
01:11:49,88.89,0.00,88.89,0.00,1381.82,modificado,100
01:11:50,79.38,0.00,79.38,0.00,692.78,modificado,100
01:11:51,27.84,0.00,27.84,0.00,676.29,modificado,100
01:11:52,159.38,0.00,159.38,0.00,1775.00,modificado,100
01:11:53,07.07,0.00,07.07,0.00,48.48,modificado,100
01:11:54,73.20,0.00,73.20,0.00,1129.90,modificado,100
01:11:55,96.88,0.00,96.88,0.00,1200.00,modificado,100
01:11:56,75.00,0.00,75.00,0.00,832.00,modificado,100
01:11:57,126.32,0.00,126.32,0.00,1911.58,modificado,100
01:11:58,51.58,0.00,51.58,0.00,522.11,modificado,100
01:11:59,27.08,0.00,27.08,0.00,825.00,modificado,100
01:12:00,153.68,0.00,153.68,0.00,1591.58,modificado,100
01:12:01,7.92,0.00,7.92,0.00,63.37,modificado,100
01:12:02,76.53,0.00,76.53,0.00,1159.18,modificado,100
01:12:03,101.05,0.00,101.05,0.00,1212.63,modificado,100
01:12:04,21.43,0.00,21.43,0.00,620.41,modificado,100
01:12:05,143.62,0.00,143.62,0.00,1710.64,modificado,100
01:12:06,27.84,0.00,27.84,0.00,371.13,modificado,100
01:12:07,77.55,0.00,77.55,0.00,1534.69,modificado,100
01:12:08,92.78,0.00,92.78,0.00,865.98,modificado,100
01:12:09,07.07,0.00,07.07,0.00,48.48,modificado,100
01:12:10,98.95,0.00,98.95,0.00,1717.89,modificado,100
01:12:11,74.23,0.00,74.23,0.00,692.78,modificado,100
01:12:12,26.80,0.00,26.80,0.00,857.73,modificado,100
01:12:13,156.38,0.00,156.38,0.00,1625.53,modificado,100
01:12:14,5.94,0.00,5.94,0.00,47.52,modificado,100
01:12:15,74.75,0.00,74.75,0.00,1462.63,modificado,100
01:12:16,83.51,0.00,83.51,0.00,849.48,modificado,100
01:12:17,26.80,0.00,26.80,0.00,832.99,modificado,100
01:12:18,138.54,0.00,138.54,0.00,1575.00,modificado,100
01:12:19,09.09,0.00,09.09,0.00,72.73,modificado,100
01:12:20,81.91,0.00,81.91,0.00,1642.55,modificado,100
01:12:21,75.26,0.00,75.26,0.00,750.52,modificado,100
01:12:22,26.00,0.00,26.00,0.00,816.00,modificado,100
01:12:23,135.48,0.00,135.48,0.00,1608.60,modificado,100
01:12:24,8.91,0.00,8.91,0.00,71.29,modificado,100
01:12:25,29.59,0.00,29.59,0.00,816.33,modificado,100
01:12:26,134.38,0.00,134.38,0.00,1525.00,modificado,100
01:12:27,69.31,0.00,69.31,0.00,744.55,modificado,100
01:12:28,91.58,0.00,91.58,0.00,1675.79,modificado,100
01:12:29,85.57,0.00,85.57,0.00,725.77,modificado,100
01:12:30,20.62,0.00,20.62,0.00,610.31,modificado,100
01:12:31,144.79,0.00,144.79,0.00,1608.33,modificado,100
01:12:32,29.29,0.00,29.29,0.00,234.34,modificado,100
01:12:33,78.12,0.00,78.12,0.00,1183.33,modificado,100
01:12:34,102.08,0.00,102.08,0.00,1200.00,modificado,100
01:12:35,27.55,0.00,27.55,0.00,824.49,modificado,100
01:12:36,161.46,0.00,161.46,0.00,1566.67,modificado,100
01:12:37,12.00,0.00,12.00,0.00,232.00,modificado,100
01:12:38,92.86,0.00,92.86,0.00,1657.14,modificado,100
01:12:39,85.86,0.00,85.86,0.00,719.19,modificado,100
01:12:40,21.43,0.00,21.43,0.00,612.24,modificado,100
01:12:41,143.01,01.08,141.94,8.60,1488.17,modificado,100
01:12:42,27.55,0.00,27.55,0.00,236.73,modificado,100
01:12:43,52.58,0.00,52.58,0.00,1006.19,modificado,100
01:12:44,124.47,0.00,124.47,0.00,1395.74,modificado,100
01:12:45,10.10,0.00,10.10,0.00,64.65,modificado,100
01:12:46,125.25,0.00,125.25,0.00,1826.26,modificado,100
01:12:47,55.67,0.00,55.67,0.00,560.82,modificado,100
01:12:48,45.00,0.00,45.00,0.00,952.00,modificado,100
01:12:49,127.37,0.00,127.37,0.00,1406.32,modificado,100
01:12:50,08.08,0.00,08.08,0.00,48.48,modificado,100
01:12:51,79.38,0.00,79.38,0.00,1303.09,modificado,100
01:12:52,105.26,0.00,105.26,0.00,1094.74,modificado,100
01:12:53,11.11,0.00,11.11,0.00,298.99,modificado,100
01:12:54,113.68,0.00,113.68,0.00,1549.47,modificado,100
01:12:55,59.60,0.00,59.60,0.00,565.66,modificado,100
01:12:56,39.18,0.00,39.18,0.00,865.98,modificado,100
01:12:57,153.12,0.00,153.12,0.00,1516.67,modificado,100
01:12:58,8.25,0.00,8.25,0.00,49.48,modificado,100
01:12:59,91.67,0.00,91.67,0.00,1591.67,modificado,100
01:13:00,86.87,0.00,86.87,0.00,703.03,modificado,100
01:13:01,23.47,0.00,23.47,0.00,522.45,modificado,100
01:13:02,153.12,0.00,153.12,0.00,1716.67,modificado,100
01:13:03,97.96,0.00,97.96,0.00,1044.90,modificado,100
01:13:04,21.43,0.00,21.43,0.00,595.92,modificado,100
01:13:05,127.84,0.00,127.84,0.00,1344.33,modificado,100
01:13:06,45.36,0.00,45.36,0.00,428.87,modificado,100
01:13:07,27.00,0.00,27.00,0.00,760.00,modificado,100
01:13:08,163.92,0.00,163.92,0.00,1797.94,modificado,100
01:13:09,12.00,0.00,12.00,0.00,72.00,modificado,100
01:13:10,91.67,0.00,91.67,0.00,1575.00,modificado,100
01:13:11,89.80,0.00,89.80,0.00,718.37,modificado,100
01:13:12,08.08,0.00,08.08,0.00,48.48,modificado,100
01:13:13,121.28,0.00,121.28,0.00,1872.34,modificado,100
01:13:14,63.83,0.00,63.83,0.00,578.72,modificado,100
01:13:15,27.84,0.00,27.84,0.00,783.51,modificado,100
01:13:16,151.58,0.00,151.58,0.00,1557.89,modificado,100
01:13:17,14.56,0.00,14.56,0.00,77.67,modificado,100
01:13:18,85.42,0.00,85.42,0.00,1600.00,modificado,100
01:13:19,76.53,0.00,76.53,0.00,718.37,modificado,100
01:13:20,32.00,0.00,32.00,0.00,808.00,modificado,100
01:13:21,141.49,0.00,141.49,0.00,1557.45,modificado,100
01:13:22,6.00,0.00,6.00,0.00,56.00,modificado,100
01:13:23,83.33,0.00,83.33,0.00,1658.33,modificado,100
01:13:24,80.21,0.00,80.21,0.00,758.33,modificado,100
01:13:25,24.21,0.00,24.21,0.00,614.74,modificado,100
01:13:26,134.74,0.00,134.74,0.00,1692.63,modificado,100
01:13:27,17.17,0.00,17.17,0.00,113.13,modificado,100
01:13:28,70.83,0.00,70.83,0.00,1158.33,modificado,100
01:13:29,90.62,0.00,90.62,0.00,1191.67,modificado,100
01:13:30,26.53,0.00,26.53,0.00,783.67,modificado,100
01:13:31,133.68,0.00,133.68,0.00,1566.32,modificado,100
01:13:32,10.10,0.00,10.10,0.00,72.73,modificado,100
01:13:33,136.73,0.00,136.73,0.00,1812.24,modificado,100
01:13:34,102.11,0.00,102.11,0.00,1288.42,modificado,100
01:13:35,14.43,0.00,14.43,0.00,387.63,modificado,100
01:13:36,142.86,0.00,142.86,0.00,1779.59,modificado,100
01:13:37,27.55,0.00,27.55,0.00,220.41,modificado,100
01:13:38,69.07,0.00,69.07,0.00,1171.13,modificado,100
01:13:39,110.64,0.00,110.64,0.00,1370.21,modificado,100
01:13:40,8.33,0.00,8.33,0.00,50.00,modificado,100
01:13:41,106.19,0.00,106.19,0.00,1665.98,modificado,100
01:13:42,67.01,0.00,67.01,0.00,602.06,modificado,100
01:13:43,41.84,0.00,41.84,0.00,971.43,modificado,100
01:13:44,142.55,0.00,142.55,0.00,1531.91,modificado,100
01:13:45,6.80,0.00,6.80,0.00,46.60,modificado,100
01:13:46,108.33,0.00,108.33,0.00,1700.00,modificado,100
01:13:47,69.79,0.00,69.79,0.00,625.00,modificado,100
01:13:48,38.78,0.00,38.78,0.00,865.31,modificado,100
01:13:49,150.52,0.00,150.52,0.00,1534.02,modificado,100
01:13:50,8.16,0.00,8.16,0.00,48.98,modificado,100
01:13:51,93.88,0.00,93.88,0.00,1575.51,modificado,100
01:13:52,76.84,0.00,76.84,0.00,698.95,modificado,100
01:13:53,25.77,0.00,25.77,0.00,618.56,modificado,100
01:13:54,124.73,0.00,124.73,0.00,1582.80,modificado,100
01:13:55,32.32,0.00,32.32,0.00,290.91,modificado,100
01:13:56,54.17,0.00,54.17,0.00,958.33,modificado,100
01:13:57,121.88,0.00,121.88,0.00,1366.67,modificado,100
01:13:58,14.14,0.00,14.14,0.00,363.64,modificado,100
01:13:59,113.13,0.00,113.13,0.00,1543.43,modificado,100
01:14:00,57.14,0.00,57.14,0.00,555.10,modificado,100
01:14:01,39.18,0.00,39.18,0.00,717.53,modificado,100
01:14:02,132.26,0.00,132.26,0.00,1436.56,modificado,100
01:14:03,11.22,0.00,11.22,0.00,73.47,modificado,100
01:14:04,120.41,0.00,120.41,0.00,1697.96,modificado,100
01:14:05,124.21,0.00,124.21,0.00,1372.63,modificado,100
01:14:06,12.37,0.00,12.37,0.00,74.23,modificado,100
01:14:07,98.97,0.00,98.97,0.00,1641.24,modificado,100
01:14:08,71.58,0.00,71.58,0.00,640.00,modificado,100
01:14:09,33.33,0.00,33.33,0.00,985.86,modificado,100
01:14:10,150.52,0.00,150.52,0.00,1534.02,modificado,100
01:14:11,08.08,0.00,08.08,0.00,48.48,modificado,100
01:14:12,82.47,0.00,82.47,0.00,1385.57,modificado,100
01:14:13,93.68,0.00,93.68,0.00,960.00,modificado,100
01:14:14,21.43,0.00,21.43,0.00,693.88,modificado,100
01:14:15,136.08,0.00,136.08,0.00,1665.98,modificado,100
01:14:16,17.17,0.00,17.17,0.00,129.29,modificado,100
01:14:17,70.41,0.00,70.41,0.00,1265.31,modificado,100
01:14:18,89.58,0.00,89.58,0.00,1016.67,modificado,100
01:14:19,14.00,0.00,14.00,0.00,104.00,modificado,100
01:14:20,111.34,0.00,111.34,0.00,1797.94,modificado,100
01:14:21,51.55,0.00,51.55,0.00,527.84,modificado,100
01:14:22,34.34,0.00,34.34,0.00,703.03,modificado,100
01:14:23,125.77,0.00,125.77,0.00,1402.06,modificado,100
01:14:24,08.08,0.00,08.08,0.00,64.65,modificado,100
01:14:25,104.21,0.00,104.21,0.00,1734.74,modificado,100
01:14:26,69.79,0.00,69.79,0.00,625.00,modificado,100
01:14:27,32.67,0.00,32.67,0.00,800.00,modificado,100
01:14:28,139.36,0.00,139.36,0.00,1565.96,modificado,100
01:14:29,8.00,0.00,8.00,0.00,72.00,modificado,100
01:14:30,118.18,0.00,118.18,0.00,1826.26,modificado,100
01:14:31,48.96,0.00,48.96,0.00,483.33,modificado,100
01:14:32,68.69,0.00,68.69,0.00,1090.91,modificado,100
01:14:33,96.88,0.00,96.88,0.00,1200.00,modificado,100
01:14:34,54.74,0.00,54.74,0.00,800.00,modificado,100
01:14:35,160.67,0.00,160.67,0.00,2103.37,modificado,100
01:14:36,55.67,0.00,55.67,0.00,544.33,modificado,100
01:14:37,60.20,0.00,60.20,0.00,1012.24,modificado,100
01:14:38,112.24,0.00,112.24,0.00,1273.47,modificado,100
01:14:39,7.84,0.00,7.84,0.00,47.06,modificado,100
01:14:40,95.92,0.00,95.92,0.00,1722.45,modificado,100
01:14:41,76.00,0.00,76.00,0.00,672.00,modificado,100
01:14:42,35.71,0.00,35.71,0.00,824.49,modificado,100
01:14:43,153.76,0.00,153.76,0.00,1548.39,modificado,100
01:14:44,12.24,0.00,12.24,0.00,73.47,modificado,100
01:14:45,104.08,0.00,104.08,0.00,1787.76,modificado,100
01:14:46,75.00,0.00,75.00,0.00,633.33,modificado,100
01:14:47,38.61,0.00,38.61,0.00,823.76,modificado,100
01:14:48,154.84,0.00,154.84,0.00,1556.99,modificado,100
01:14:49,08.08,0.00,08.08,0.00,48.48,modificado,100
01:14:50,96.97,0.00,96.97,0.00,1640.40,modificado,100
01:14:51,81.44,0.00,81.44,0.00,709.28,modificado,100
01:14:52,39.80,0.00,39.80,0.00,848.98,modificado,100
01:14:53,136.08,0.00,136.08,0.00,1443.30,modificado,100
01:14:54,8.25,0.00,8.25,0.00,49.48,modificado,100
01:14:55,70.41,0.00,70.41,0.00,1126.53,modificado,100
01:14:56,96.84,0.00,96.84,0.00,1237.89,modificado,100
01:14:57,16.33,0.00,16.33,0.00,489.80,modificado,100
01:14:58,117.71,0.00,117.71,0.00,1483.33,modificado,100
01:14:59,42.00,0.00,42.00,0.00,432.00,modificado,100
01:15:00,19.79,0.00,19.79,0.00,775.00,modificado,100
01:15:01,136.63,0.00,136.63,0.00,1473.27,modificado,100
01:15:02,10.31,02.06,8.25,16.49,65.98,modificado,100
01:15:03,81.25,0.00,81.25,0.00,1500.00,modificado,100
01:15:04,82.47,0.00,82.47,0.00,808.25,modificado,100
01:15:05,79.80,0.00,79.80,0.00,1082.83,modificado,100
01:15:06,138.71,0.00,138.71,0.00,1815.05,modificado,100
01:15:07,36.08,0.00,36.08,0.00,288.66,modificado,100
01:15:08,04.04,0.00,04.04,0.00,226.26,modificado,100
01:15:09,10.31,0.00,10.31,0.00,247.42,modificado,100
01:15:10,64.29,0.00,64.29,0.00,1036.73,modificado,100
01:15:11,90.62,0.00,90.62,0.00,1016.67,modificado,100
01:15:12,6.93,0.00,6.93,0.00,47.52,modificado,100
01:15:13,115.05,0.00,115.05,0.00,1866.67,modificado,100
01:15:14,49.49,0.00,49.49,0.00,492.93,modificado,100
01:15:15,30.21,0.00,30.21,0.00,691.67,modificado,100
01:15:16,148.39,0.00,148.39,0.00,1694.62,modificado,100
01:15:17,6.86,0.00,6.86,0.00,47.06,modificado,100
01:15:18,114.74,0.00,114.74,0.00,1793.68,modificado,100
01:15:19,55.10,0.00,55.10,0.00,546.94,modificado,100
01:15:20,27.08,0.00,27.08,0.00,775.00,modificado,100
01:15:21,146.88,0.00,146.88,0.00,1608.33,modificado,100
01:15:22,6.86,0.00,6.86,0.00,47.06,modificado,100
01:15:23,81.44,0.00,81.44,0.00,1402.06,modificado,100
01:15:24,88.30,0.00,88.30,0.00,927.66,modificado,100
01:15:25,20.41,0.00,20.41,0.00,587.76,modificado,100
01:15:26,130.61,0.00,130.61,0.00,1600.00,modificado,100
01:15:27,24.24,0.00,24.24,0.00,210.10,modificado,100
01:15:28,77.66,0.00,77.66,0.00,1319.15,modificado,100
01:15:29,87.63,0.00,87.63,0.00,989.69,modificado,100
01:15:30,30.30,0.00,30.30,0.00,800.00,modificado,100
01:15:31,136.36,0.00,136.36,0.00,1535.35,modificado,100
01:15:32,7.00,0.00,7.00,0.00,48.00,modificado,100
01:15:33,07.07,0.00,07.07,0.00,323.23,modificado,100
01:15:34,4.12,0.00,4.12,0.00,24.74,modificado,100
01:15:35,0.00,0.00,0.00,0.00,0.00,modificado,100
01:15:36,80.22,0.00,80.22,0.00,808.79,modificado,100
01:15:37,0.00,0.00,0.00,0.00,0.00,modificado,100
01:15:38,96.97,94.95,02.02,23507.07,105.05,modificado,100
01:15:39,14.00,14.00,0.00,3360.00,0.00,modificado,100
01:15:40,0.00,0.00,0.00,0.00,0.00,modificado,100
01:15:41,02.02,0.00,02.02,0.00,64.65,modificado,100
01:15:42,0.00,0.00,0.00,0.00,0.00,modificado,100
01:15:43,1.98,0.00,1.98,0.00,158.42,modificado,100
01:15:44,0.00,0.00,0.00,0.00,0.00,modificado,100
01:15:45,0.00,0.00,0.00,0.00,0.00,modificado,100
01:15:46,4.00,0.00,4.00,0.00,72.00,modificado,100
01:15:47,0.00,0.00,0.00,0.00,0.00,modificado,100
01:15:48,02.04,0.00,02.04,0.00,187.76,modificado,100
01:15:49,0.00,0.00,0.00,0.00,0.00,modificado,100
01:15:50,0.00,0.00,0.00,0.00,0.00,modificado,100
01:15:51,2.00,0.00,2.00,0.00,72.00,modificado,100
01:15:52,0.00,0.00,0.00,0.00,0.00,modificado,100
01:15:53,2.00,0.00,2.00,0.00,160.00,modificado,100
01:15:54,0.00,0.00,0.00,0.00,0.00,modificado,100
01:15:55,0.00,0.00,0.00,0.00,0.00,modificado,100
01:15:56,1.98,0.00,1.98,0.00,23.76,modificado,100
01:15:57,0.00,0.00,0.00,0.00,0.00,modificado,100
01:15:58,02.02,0.00,02.02,0.00,145.45,modificado,100
01:15:59,0.00,0.00,0.00,0.00,0.00,modificado,100
01:16:00,0.00,0.00,0.00,0.00,0.00,modificado,100
01:16:01,1.00,0.00,1.00,0.00,16.00,modificado,100
01:16:02,0.00,0.00,0.00,0.00,0.00,modificado,100
01:16:03,2.00,0.00,2.00,0.00,144.00,modificado,100
01:16:04,0.00,0.00,0.00,0.00,0.00,modificado,100
01:16:05,0.00,0.00,0.00,0.00,0.00,modificado,100
01:16:06,0.00,0.00,0.00,0.00,0.00,modificado,100
01:16:07,0.00,0.00,0.00,0.00,0.00,modificado,100
01:16:08,0.00,0.00,0.00,0.00,0.00,modificado,100
01:16:09,02.02,0.00,02.02,0.00,113.13,modificado,100
01:16:10,0.00,0.00,0.00,0.00,0.00,modificado,100
01:16:11,0.00,0.00,0.00,0.00,0.00,modificado,100
01:16:12,28.28,0.00,28.28,0.00,242.42,modificado,100
01:16:13,0.00,0.00,0.00,0.00,0.00,modificado,100
01:16:14,02.02,0.00,02.02,0.00,137.37,modificado,100
01:16:15,0.00,0.00,0.00,0.00,0.00,modificado,100
01:16:16,0.00,0.00,0.00,0.00,0.00,modificado,100
01:16:17,1.98,0.00,1.98,0.00,15.84,modificado,100
01:16:18,0.98,0.00,0.98,0.00,117.65,modificado,100
01:16:19,01.01,0.00,01.01,0.00,08.08,modificado,100
01:16:20,0.00,0.00,0.00,0.00,0.00,modificado,100
01:16:21,0.00,0.00,0.00,0.00,0.00,modificado,100
01:16:22,0.99,0.00,0.99,0.00,55.45,modificado,100
01:16:23,0.00,0.00,0.00,0.00,0.00,modificado,100
01:16:24,02.02,0.00,02.02,0.00,137.37,modificado,100
01:16:25,0.00,0.00,0.00,0.00,0.00,modificado,100
01:16:26,0.00,0.00,0.00,0.00,0.00,modificado,100
01:16:27,1.98,0.00,1.98,0.00,15.84,modificado,100
01:16:28,01.01,0.00,01.01,0.00,129.29,modificado,100
01:16:29,0.99,0.00,0.99,0.00,7.92,modificado,100
01:16:30,0.00,0.00,0.00,0.00,0.00,modificado,100
01:16:31,0.00,0.00,0.00,0.00,0.00,modificado,100
01:16:32,0.00,0.00,0.00,0.00,0.00,modificado,100
01:16:33,0.00,0.00,0.00,0.00,0.00,modificado,100
01:16:34,02.02,0.00,02.02,0.00,105.05,modificado,100
01:16:35,0.00,0.00,0.00,0.00,0.00,modificado,100
01:16:36,0.00,0.00,0.00,0.00,0.00,modificado,100
01:16:37,0.00,0.00,0.00,0.00,0.00,modificado,100
01:16:38,1.00,0.00,1.00,0.00,96.00,modificado,100
01:16:39,01.02,0.00,01.02,0.00,8.16,modificado,100